[{"stream_name":"stdout","time":12.20693392,"data":"=== IC=kp NU=2e-3 T=2.4 -\u003e /kaggle/working/seam_ICkp_NU2e-3_T2.4.txt\n"}
,{"stream_name":"stdout","time":15.427311104,"data":"seam race on GPU: IC=kp  N=256^3  nu=0.002  T=2.4  Z0=0.375  clock 2dx=0.0491  device=cuda\n"}
,{"stream_name":"stdout","time":16.950715967,"data":"   t     Z/Z0    max|w|   twist@0.05 @0.07 @0.1 @0.14 @0.2 @0.28 @0.4 @0.56   anti    ell     ell_nu   race   cut    Re_seam   delta\n"}
,{"stream_name":"stdout","time":16.950767173,"data":" 0.00    1.000      2.41   0.00000 0.00000 0.00000 0.00000 0.00002 0.00015 0.00124 0.00924   0.000   0.7182   13629.5427     nan   0.000      367.8   -0.0064  \u003c-- past the clock   (2s)\n"}
,{"stream_name":"stdout","time":26.179933094,"data":" 0.05    0.998      2.41   0.00000 0.00000 0.00000 0.00000 0.00002 0.00015 0.00125 0.00929   0.000   0.7182   44721.3596     nan   0.000      367.5   0.0117  \u003c-- past the clock   (11s)\n"}
,{"stream_name":"stdout","time":35.390492809,"data":" 0.10    0.997      2.40   0.00000 0.00000 0.00000 0.00000 0.00002 0.00015 0.00127 0.00942   0.000   0.7186   44721.3596     nan   0.000      365.8   0.0241  \u003c-- past the clock   (20s)\n"}
,{"stream_name":"stdout","time":44.57927082,"data":" 0.15    0.996      2.39   0.00000 0.00000 0.00000 0.00000 0.00002 0.00015 0.00130 0.00964   0.000   0.7171   44721.3596     nan   0.000      364.2   0.0343  \u003c-- past the clock   (29s)\n"}
,{"stream_name":"stdout","time":53.749911918,"data":" 0.20    0.995      2.37   0.00000 0.00000 0.00000 0.00000 0.00002 0.00016 0.00135 0.00996   0.000   0.7162   44721.3596     nan   0.000      363.1   0.0411  \u003c-- past the clock   (38s)\n"}
,{"stream_name":"stdout","time":62.897863574,"data":" 0.25    0.995      2.35   0.00000 0.00000 0.00000 0.00000 0.00003 0.00017 0.00141 0.01037   0.000   0.7149   44721.3596     nan   0.000      359.2   0.0444  \u003c-- past the clock   (47s)\n"}
,{"stream_name":"stdout","time":72.024894885,"data":" 0.30    0.995      2.33   0.00000 0.00000 0.00000 0.00001 0.00003 0.00018 0.00149 0.01089   0.000   0.7142   44721.3596     nan   0.000      356.9   0.0448  \u003c-- past the clock   (57s)\n"}
,{"stream_name":"stdout","time":81.139111674,"data":" 0.35    0.996      2.30   0.00000 0.00000 0.00000 0.00001 0.00003 0.00019 0.00159 0.01152   0.000   0.7138   44721.3596     nan   0.000      352.6   0.0419  \u003c-- past the clock   (66s)\n"}
,{"stream_name":"stdout","time":90.235130717,"data":" 0.40    0.998      2.27   0.00000 0.00000 0.00000 0.00001 0.00003 0.00021 0.00171 0.01227   0.000   0.7128   44721.3596     nan   0.000      348.3   0.0390  \u003c-- past the clock   (75s)\n"}
,{"stream_name":"stdout","time":99.31828313,"data":" 0.45    0.999      2.24   0.00000 0.00000 0.00000 0.00001 0.00004 0.00023 0.00186 0.01316   0.000   0.7108   44721.3596     nan   0.000      344.0   0.0367  \u003c-- past the clock   (84s)\n"}
,{"stream_name":"stdout","time":108.38910073,"data":" 0.50    1.002      2.20   0.00000 0.00000 0.00000 0.00001 0.00004 0.00025 0.00203 0.01420   0.000   0.7106   44721.3596     nan   0.000      338.6   0.0344  \u003c-- past the clock   (93s)\n"}
,{"stream_name":"stdout","time":117.444438724,"data":" 0.55    1.004      2.17   0.00000 0.00000 0.00000 0.00001 0.00005 0.00028 0.00224 0.01540   0.000   0.7114   44721.3596     nan   0.000      334.9   0.0331  \u003c-- past the clock   (102s)\n"}
,{"stream_name":"stdout","time":126.48790391,"data":" 0.60    1.007      2.13   0.00000 0.00000 0.00000 0.00001 0.00005 0.00032 0.00248 0.01681   0.000   0.7153   44721.3596     nan   0.000      333.3   0.0326  \u003c-- past the clock   (111s)\n"}
,{"stream_name":"stdout","time":135.529552588,"data":" 0.65    1.011      2.09   0.00000 0.00000 0.00000 0.00001 0.00006 0.00036 0.00277 0.01844   0.000   0.7242   44721.3596     nan   0.000      335.1   0.0318  \u003c-- past the clock   (120s)\n"}
,{"stream_name":"stdout","time":144.580626756,"data":" 0.70    1.015      2.04   0.00000 0.00000 0.00000 0.00001 0.00007 0.00041 0.00311 0.02032   0.000   0.7373   0.9287    0.79   0.000      342.1   0.0310  \u003c-- past the clock   (129s)\n"}
,{"stream_name":"stdout","time":153.645766739,"data":" 0.75    1.019      2.00   0.00000 0.00000 0.00000 0.00002 0.00008 0.00047 0.00352 0.02250   0.000   0.7414   0.4076    1.82   0.000      339.2   0.0290  \u003c-- past the clock   (138s)\n"}
,{"stream_name":"stdout","time":162.722739201,"data":" 0.80    1.024      1.95   0.00000 0.00000 0.00000 0.00002 0.00009 0.00053 0.00401 0.02502   0.000   0.7361   0.3117    2.36   0.000      327.2   0.0286  \u003c-- past the clock   (147s)\n"}
,{"stream_name":"stdout","time":171.807862049,"data":" 0.85    1.030      1.91   0.00000 0.00000 0.00000 0.00002 0.00011 0.00061 0.00461 0.02793   0.000   0.7249   0.2668    2.72   0.000      311.2   0.0285  \u003c-- past the clock   (156s)\n"}
,{"stream_name":"stdout","time":180.893798616,"data":" 0.90    1.035      1.86   0.00000 0.00000 0.00000 0.00003 0.00013 0.00070 0.00533 0.03127   0.000   0.7118   0.2364    3.01   0.000      297.4   0.0303  \u003c-- past the clock   (165s)\n"}
,{"stream_name":"stdout","time":189.971974865,"data":" 0.95    1.042      1.81   0.00000 0.00000 0.00000 0.00003 0.00015 0.00081 0.00620 0.03511   0.000   0.6962   0.2162    3.22   0.000      280.7   0.0340  \u003c-- past the clock   (175s)\n"}
,{"stream_name":"stdout","time":199.044103922,"data":" 1.00    1.048      1.76   0.00000 0.00000 0.00000 0.00004 0.00017 0.00094 0.00728 0.03949   0.000   0.6772   0.2019    3.35   0.000      261.1   0.0393  \u003c-- past the clock   (184s)\n"}
,{"stream_name":"stdout","time":208.109949551,"data":" 1.05    1.055      1.72   0.00000 0.00000 0.00000 0.00004 0.00020 0.00110 0.00858 0.04446   0.000   0.6591   0.1916    3.44   0.000      242.7   0.0466  \u003c-- past the clock   (193s)\n"}
,{"stream_name":"stdout","time":217.176391139,"data":" 1.10    1.063      1.68   0.00000 0.00000 0.00000 0.00005 0.00023 0.00130 0.01017 0.05009   0.000   0.6427   0.1842    3.49   0.000      228.3   0.0567   (202s)\n"}
,{"stream_name":"stdout","time":226.246057688,"data":" 1.15    1.071      1.64   0.00000 0.00000 0.00001 0.00006 0.00027 0.00155 0.01209 0.05642   0.000   0.6246   0.1777    3.52   0.000      214.4   0.0696   (211s)\n"}
,{"stream_name":"stdout","time":235.317138606,"data":" 1.20    1.079      1.60   0.00000 0.00000 0.00001 0.00007 0.00031 0.00187 0.01441 0.06349   0.000   0.6099   0.1710    3.57   0.000      204.0   0.0853   (220s)\n"}
,{"stream_name":"stdout","time":244.388265789,"data":" 1.25    1.088      1.57   0.00000 0.00000 0.00001 0.00008 0.00036 0.00227 0.01717 0.07134   0.000   0.5954   0.1646    3.62   0.000      193.4   0.1017   (229s)\n"}
,{"stream_name":"stdout","time":253.461029415,"data":" 1.30    1.097      1.55   0.00000 0.00000 0.00001 0.00009 0.00043 0.00278 0.02045 0.07999   0.000   0.5820   0.1579    3.68   0.000      185.2   0.1182   (238s)\n"}
,{"stream_name":"stdout","time":262.535224729,"data":" 1.35    1.106      1.52   0.00000 0.00000 0.00001 0.00011 0.00050 0.00342 0.02432 0.08945   0.000   0.5699   0.1518    3.75   0.000      176.3   0.1347   (247s)\n"}
,{"stream_name":"stdout","time":271.60950996,"data":" 1.40    1.116      1.50   0.00000 0.00000 0.00001 0.00012 0.00060 0.00422 0.02884 0.09971   0.000   0.5582   0.1465    3.81   0.000      169.0   0.1500   (256s)\n"}
,{"stream_name":"stdout","time":280.683231169,"data":" 1.45    1.127      1.51   0.00000 0.00000 0.00002 0.00014 0.00073 0.00522 0.03407 0.11074   0.000   0.5609   0.1431    3.92   0.000      172.3   0.1633   (265s)\n"}
,{"stream_name":"stdout","time":289.756594428,"data":" 1.50    1.137      1.55   0.00000 0.00000 0.00002 0.00016 0.00090 0.00644 0.04008 0.12249   0.000   0.5693   0.1407    4.05   0.000      179.7   0.1751   (274s)\n"}
,{"stream_name":"stdout","time":298.830646467,"data":" 1.55    1.148      1.58   0.00000 0.00000 0.00002 0.00019 0.00111 0.00794 0.04693 0.13490   0.000   0.5790   0.1381    4.19   0.000      186.9   0.1847   (283s)\n"}
,{"stream_name":"stdout","time":307.904617793,"data":" 1.60    1.159      1.61   0.00000 0.00001 0.00002 0.00022 0.00139 0.00974 0.05466 0.14788   0.000   0.5894   0.1362    4.33   0.000      195.1   0.1919   (292s)\n"}
,{"stream_name":"stdout","time":316.979471575,"data":" 1.65    1.171      1.65   0.00000 0.00001 0.00003 0.00026 0.00174 0.01190 0.06331 0.16132   0.000   0.5986   0.1342    4.46   0.000      202.9   0.1967   (302s)\n"}
,{"stream_name":"stdout","time":326.055100635,"data":" 1.70    1.183      1.68   0.00000 0.00001 0.00003 0.00031 0.00217 0.01445 0.07289 0.17509   0.000   0.6089   0.1322    4.61   0.000      213.0   0.1998   (311s)\n"}
,{"stream_name":"stdout","time":335.132797279,"data":" 1.75    1.195      1.71   0.00000 0.00001 0.00004 0.00038 0.00271 0.01743 0.08342 0.18906   0.000   0.6173   0.1302    4.74   0.000      222.0   0.2008   (320s)\n"}
,{"stream_name":"stdout","time":344.20908804,"data":" 1.80    1.207      1.75   0.00000 0.00001 0.00004 0.00047 0.00338 0.02090 0.09488 0.20307   0.000   0.6290   0.1281    4.91   0.000      232.3   0.2001   (329s)\n"}
,{"stream_name":"stdout","time":353.283262683,"data":" 1.85    1.220      1.78   0.00000 0.00001 0.00005 0.00059 0.00418 0.02488 0.10723 0.21698   0.000   0.6393   0.1258    5.08   0.000      241.5   0.1977   (338s)\n"}
,{"stream_name":"stdout","time":362.357340206,"data":" 1.90    1.233      1.82   0.00000 0.00001 0.00005 0.00073 0.00514 0.02941 0.12043 0.23062   0.000   0.6476   0.1236    5.24   0.000      249.1   0.1937   (347s)\n"}
,{"stream_name":"stdout","time":371.431117747,"data":" 1.95    1.246      1.85   0.00000 0.00001 0.00006 0.00091 0.00629 0.03452 0.13441 0.24384   0.000   0.6563   0.1212    5.41   0.000      258.7   0.1893   (356s)\n"}
,{"stream_name":"stdout","time":380.503626968,"data":" 2.00    1.259      1.89   0.00000 0.00001 0.00007 0.00113 0.00763 0.04024 0.14908 0.25650   0.000   0.6578   0.1192    5.52   0.000      261.9   0.1848   (365s)\n"}
,{"stream_name":"stdout","time":389.57564229,"data":" 2.05    1.273      1.92   0.00000 0.00002 0.00008 0.00140 0.00919 0.04657 0.16432 0.26847   0.000   0.6500   0.1179    5.51   0.000      249.2   0.1806   (374s)\n"}
,{"stream_name":"stdout","time":398.647541539,"data":" 2.10    1.287      1.96   0.00000 0.00002 0.00009 0.00173 0.01098 0.05353 0.18003 0.27962   0.001   0.6294   0.1167    5.40   0.030      236.4   0.1769   (383s)\n"}
,{"stream_name":"stdout","time":407.718671074,"data":" 2.15    1.300      1.99   0.00000 0.00002 0.00011 0.00212 0.01303 0.06110 0.19607 0.28987   0.002   0.6108   0.1156    5.28   0.079      226.2   0.1737   (392s)\n"}
,{"stream_name":"stdout","time":416.790096011,"data":" 2.20    1.314      2.03   0.00000 0.00002 0.00013 0.00258 0.01534 0.06928 0.21230 0.29913   0.002   0.5924   0.1145    5.17   0.169      218.3   0.1711   (401s)\n"}
,{"stream_name":"stdout","time":425.860655351,"data":" 2.25    1.328      2.07   0.00000 0.00002 0.00016 0.00312 0.01793 0.07803 0.22858 0.30734   0.003   0.5811   0.1133    5.13   0.212      212.2   0.1691   (410s)\n"}
,{"stream_name":"stdout","time":434.930071719,"data":" 2.30    1.342      2.10   0.00000 0.00003 0.00019 0.00374 0.02079 0.08733 0.24477 0.31448   0.004   0.5669   0.1119    5.07   0.215      205.3   0.1676   (420s)\n"}
,{"stream_name":"stdout","time":443.999873223,"data":" 2.35    1.356      2.13   0.00000 0.00003 0.00024 0.00446 0.02395 0.09714 0.26074 0.32052   0.005   0.5511   0.1104    4.99   0.249      197.5   0.1667   (429s)\n"}
,{"stream_name":"stdout","time":453.067249619,"data":" 2.40    1.369      2.17   0.00000 0.00004 0.00029 0.00526 0.02739 0.10739 0.27635 0.32546   0.007   0.5290   0.1081    4.89   0.283      185.2   0.1662   (438s)\n"}
,{"stream_name":"stdout","time":453.070559482,"data":"\n"}
,{"stream_name":"stdout","time":453.070589091,"data":"C22 descent: separation -\u003e peak twist, peak time (clock expires at t = 2.40)\n"}
,{"stream_name":"stdout","time":453.07059528,"data":"   sep 0.05   peak 0.00000 at t = 2.40   (at the clock: not a peak)\n"}
,{"stream_name":"stdout","time":453.070599325,"data":"   sep 0.07   peak 0.00004 at t = 2.40   (at the clock: not a peak)\n"}
,{"stream_name":"stdout","time":453.070603017,"data":"   sep 0.10   peak 0.00029 at t = 2.40   (at the clock: not a peak)\n"}
,{"stream_name":"stdout","time":453.070606514,"data":"   sep 0.14   peak 0.00526 at t = 2.40   (at the clock: not a peak)\n"}
,{"stream_name":"stdout","time":453.070627444,"data":"   sep 0.20   peak 0.02739 at t = 2.40   (at the clock: not a peak)\n"}
,{"stream_name":"stdout","time":453.070631621,"data":"   sep 0.28   peak 0.10739 at t = 2.40   (at the clock: not a peak)\n"}
,{"stream_name":"stdout","time":453.070635397,"data":"   sep 0.40   peak 0.27635 at t = 2.40   (at the clock: not a peak)\n"}
,{"stream_name":"stdout","time":453.070638709,"data":"   sep 0.56   peak 0.32546 at t = 2.40   (at the clock: not a peak)\n"}
,{"stream_name":"stdout","time":453.070642682,"data":"\n"}
,{"stream_name":"stdout","time":453.070646531,"data":"clock expires at t = 2.40 (delta 0.1662); strong twist peak 0.00029 at t = 2.40, at the clock 0.00029 (fall 0%); max|w| growth to the clock 0.90x\n"}
,{"stream_name":"stdout","time":453.070650482,"data":"race variable ell/ell_nu min inside the clock = 0.79 (at t = 0.70); cut fraction at the clock 0.283\n"}
,{"stream_name":"stdout","time":453.070654017,"data":"C21: Re_seam at the twist peak (t = 2.40) = 185.2; twist peak 0.00029; max|w| at the peak 2.2\n"}
,{"stream_name":"stdout","time":453.070657681,"data":"REGISTERED C20 at nu=0.002: KILL: the twist is still rising at the clock with the viscous scale resolved\n"}
,{"stream_name":"stdout","time":456.680464678,"data":"=== IC=kp NU=1e-3 T=2.0 -\u003e /kaggle/working/seam_ICkp_NU1e-3_T2.0.txt\n"}
,{"stream_name":"stdout","time":458.937879806,"data":"seam race on GPU: IC=kp  N=256^3  nu=0.001  T=2.0  Z0=0.375  clock 2dx=0.0491  device=cuda\n"}
,{"stream_name":"stdout","time":459.67199655,"data":"   t     Z/Z0    max|w|   twist@0.05 @0.07 @0.1 @0.14 @0.2 @0.28 @0.4 @0.56   anti    ell     ell_nu   race   cut    Re_seam   delta\n"}
,{"stream_name":"stdout","time":459.672041147,"data":" 0.00    1.000      2.41   0.00000 0.00000 0.00000 0.00000 0.00002 0.00015 0.00124 0.00924   0.000   0.7182   9637.5420     nan   0.000      735.6   -0.0064  \u003c-- past the clock   (1s)\n"}
,{"stream_name":"stdout","time":468.736705968,"data":" 0.05    0.999      2.41   0.00000 0.00000 0.00000 0.00000 0.00002 0.00015 0.00125 0.00929   0.000   0.7182   31622.7767     nan   0.000      735.5   0.0055  \u003c-- past the clock   (10s)\n"}
,{"stream_name":"stdout","time":477.793393922,"data":" 0.10    0.999      2.40   0.00000 0.00000 0.00000 0.00000 0.00002 0.00015 0.00127 0.00942   0.000   0.7185   31622.7767     nan   0.000      732.5   0.0131  \u003c-- past the clock   (19s)\n"}
,{"stream_name":"stdout","time":486.845688124,"data":" 0.15    0.999      2.39   0.00000 0.00000 0.00000 0.00000 0.00002 0.00015 0.00130 0.00965   0.000   0.7171   31622.7767     nan   0.000      729.7   0.0192  \u003c-- past the clock   (28s)\n"}
,{"stream_name":"stdout","time":495.897594789,"data":" 0.20    0.999      2.38   0.00000 0.00000 0.00000 0.00000 0.00002 0.00016 0.00135 0.00996   0.000   0.7163   31622.7767     nan   0.000      728.1   0.0248  \u003c-- past the clock   (37s)\n"}
,{"stream_name":"stdout","time":504.951337737,"data":" 0.25    1.001      2.36   0.00000 0.00000 0.00000 0.00000 0.00003 0.00017 0.00141 0.01038   0.000   0.7150   31622.7767     nan   0.000      720.2   0.0297  \u003c-- past the clock   (46s)\n"}
,{"stream_name":"stdout","time":514.008885762,"data":" 0.30    1.002      2.33   0.00000 0.00000 0.00000 0.00001 0.00003 0.00018 0.00150 0.01091   0.000   0.7143   31622.7767     nan   0.000      715.7   0.0339  \u003c-- past the clock   (55s)\n"}
,{"stream_name":"stdout","time":523.070990744,"data":" 0.35    1.004      2.31   0.00000 0.00000 0.00000 0.00001 0.00003 0.00019 0.00160 0.01155   0.000   0.7138   31622.7767     nan   0.000      707.9   0.0371  \u003c-- past the clock   (64s)\n"}
,{"stream_name":"stdout","time":532.136238729,"data":" 0.40    1.007      2.28   0.00000 0.00000 0.00000 0.00001 0.00003 0.00021 0.00172 0.01232   0.000   0.7129   31622.7767     nan   0.000      700.0   0.0393  \u003c-- past the clock   (73s)\n"}
,{"stream_name":"stdout","time":541.202424665,"data":" 0.45    1.010      2.25   0.00000 0.00000 0.00000 0.00001 0.00004 0.00023 0.00187 0.01323   0.000   0.7112   31622.7767     nan   0.000      690.9   0.0407  \u003c-- past the clock   (82s)\n"}
,{"stream_name":"stdout","time":550.263267735,"data":" 0.50    1.013      2.21   0.00000 0.00000 0.00000 0.00001 0.00004 0.00026 0.00205 0.01430   0.000   0.7106   31622.7767     nan   0.000      681.1   0.0415  \u003c-- past the clock   (91s)\n"}
,{"stream_name":"stdout","time":559.32348256,"data":" 0.55    1.017      2.18   0.00000 0.00000 0.00000 0.00001 0.00005 0.00029 0.00226 0.01555   0.000   0.7121   31622.7767     nan   0.000      674.4   0.0417  \u003c-- past the clock   (100s)\n"}
,{"stream_name":"stdout","time":568.382026955,"data":" 0.60    1.022      2.14   0.00000 0.00000 0.00000 0.00001 0.00005 0.00032 0.00252 0.01700   0.000   0.7165   31622.7767     nan   0.000      672.2   0.0415  \u003c-- past the clock   (109s)\n"}
,{"stream_name":"stdout","time":577.44000753,"data":" 0.65    1.027      2.10   0.00000 0.00000 0.00000 0.00001 0.00006 0.00037 0.00282 0.01870   0.000   0.7261   31622.7767     nan   0.000      678.1   0.0405  \u003c-- past the clock   (119s)\n"}
,{"stream_name":"stdout","time":586.498682243,"data":" 0.70    1.032      2.05   0.00000 0.00000 0.00000 0.00001 0.00007 0.00042 0.00318 0.02068   0.000   0.7389   0.5005    1.48   0.000      691.9   0.0395  \u003c-- past the clock   (128s)\n"}
,{"stream_name":"stdout","time":595.562904507,"data":" 0.75    1.038      2.01   0.00000 0.00000 0.00000 0.00002 0.00008 0.00048 0.00362 0.02299   0.000   0.7421   0.2684    2.76   0.000      682.9   0.0386  \u003c-- past the clock   (137s)\n"}
,{"stream_name":"stdout","time":604.631489608,"data":" 0.80    1.045      1.96   0.00000 0.00000 0.00000 0.00002 0.00010 0.00055 0.00415 0.02567   0.000   0.7346   0.2106    3.49   0.000      653.8   0.0374  \u003c-- past the clock   (146s)\n"}
,{"stream_name":"stdout","time":613.702865283,"data":" 0.85    1.052      1.92   0.00000 0.00000 0.00000 0.00002 0.00011 0.00064 0.00479 0.02879   0.000   0.7228   0.1814    3.99   0.000      623.8   0.0366  \u003c-- past the clock   (155s)\n"}
,{"stream_name":"stdout","time":622.773785736,"data":" 0.90    1.059      1.87   0.00000 0.00000 0.00000 0.00003 0.00013 0.00074 0.00558 0.03239   0.000   0.7092   0.1611    4.40   0.000      594.2   0.0364  \u003c-- past the clock   (164s)\n"}
,{"stream_name":"stdout","time":631.846969398,"data":" 0.95    1.067      1.82   0.00000 0.00000 0.00000 0.00003 0.00016 0.00086 0.00656 0.03656   0.000   0.6922   0.1484    4.67   0.000      558.9   0.0381  \u003c-- past the clock   (173s)\n"}
,{"stream_name":"stdout","time":640.92182322,"data":" 1.00    1.076      1.77   0.00000 0.00000 0.00000 0.00004 0.00018 0.00100 0.00777 0.04134   0.000   0.6717   0.1393    4.82   0.000      516.8   0.0428  \u003c-- past the clock   (182s)\n"}
,{"stream_name":"stdout","time":649.996214387,"data":" 1.05    1.085      1.72   0.00000 0.00000 0.00000 0.00004 0.00021 0.00119 0.00927 0.04683   0.000   0.6541   0.1326    4.93   0.000      483.4   0.0519   (191s)\n"}
,{"stream_name":"stdout","time":659.069193256,"data":" 1.10    1.095      1.68   0.00000 0.00000 0.00001 0.00005 0.00025 0.00142 0.01111 0.05307   0.000   0.6341   0.1269    5.00   0.000      451.2   0.0643   (200s)\n"}
,{"stream_name":"stdout","time":668.146596004,"data":" 1.15    1.105      1.65   0.00000 0.00000 0.00001 0.00006 0.00029 0.00172 0.01336 0.06015   0.000   0.6189   0.1231    5.03   0.000      428.8   0.0798   (209s)\n"}
,{"stream_name":"stdout","time":677.220315107,"data":" 1.20    1.116      1.62   0.00000 0.00000 0.00001 0.00007 0.00034 0.00211 0.01611 0.06810   0.000   0.6036   0.1176    5.13   0.000      404.7   0.0976   (218s)\n"}
,{"stream_name":"stdout","time":686.294276985,"data":" 1.25    1.127      1.59   0.00000 0.00000 0.00001 0.00009 0.00040 0.00262 0.01943 0.07698   0.000   0.5887   0.1134    5.19   0.000      384.4   0.1163   (227s)\n"}
,{"stream_name":"stdout","time":695.367426629,"data":" 1.30    1.139      1.56   0.00000 0.00000 0.00001 0.00010 0.00048 0.00327 0.02343 0.08682   0.000   0.5764   0.1084    5.32   0.000      366.1   0.1349   (236s)\n"}
,{"stream_name":"stdout","time":704.44202879,"data":" 1.35    1.151      1.54   0.00000 0.00000 0.00001 0.00012 0.00058 0.00412 0.02819 0.09763   0.000   0.5632   0.1045    5.39   0.000      350.8   0.1517   (246s)\n"}
,{"stream_name":"stdout","time":713.517470299,"data":" 1.40    1.164      1.54   0.00000 0.00000 0.00002 0.00014 0.00072 0.00520 0.03381 0.10940   0.000   0.5603   0.1015    5.52   0.000      349.8   0.1663   (255s)\n"}
,{"stream_name":"stdout","time":722.593112678,"data":" 1.45    1.178      1.58   0.00000 0.00000 0.00002 0.00016 0.00091 0.00656 0.04040 0.12209   0.000   0.5698   0.0995    5.73   0.000      367.1   0.1776   (264s)\n"}
,{"stream_name":"stdout","time":731.673240029,"data":" 1.50    1.192      1.62   0.00000 0.00000 0.00002 0.00019 0.00115 0.00827 0.04805 0.13564   0.000   0.5809   0.0976    5.95   0.000      384.5   0.1858   (273s)\n"}
,{"stream_name":"stdout","time":740.752325682,"data":" 1.55    1.207      1.65   0.00000 0.00001 0.00002 0.00022 0.00148 0.01039 0.05684 0.14993   0.000   0.5919   0.0959    6.17   0.000      402.4   0.1904   (282s)\n"}
,{"stream_name":"stdout","time":749.831476692,"data":" 1.60    1.222      1.69   0.00000 0.00001 0.00003 0.00027 0.00192 0.01300 0.06686 0.16486   0.000   0.6032   0.0944    6.39   0.000      422.8   0.1912   (291s)\n"}
,{"stream_name":"stdout","time":758.906265542,"data":" 1.65    1.237      1.74   0.00000 0.00001 0.00003 0.00034 0.00248 0.01616 0.07816 0.18025   0.000   0.6140   0.0928    6.62   0.000      445.4   0.1884   (300s)\n"}
,{"stream_name":"stdout","time":767.979901849,"data":" 1.70    1.254      1.78   0.00000 0.00001 0.00004 0.00044 0.00321 0.01997 0.09078 0.19593   0.000   0.6272   0.0912    6.88   0.000      470.4   0.1825   (309s)\n"}
,{"stream_name":"stdout","time":777.052279993,"data":" 1.75    1.270      1.82   0.00000 0.00001 0.00004 0.00057 0.00413 0.02450 0.10472 0.21169   0.000   0.6389   0.0892    7.16   0.000      495.1   0.1752   (318s)\n"}
,{"stream_name":"stdout","time":786.12159514,"data":" 1.80    1.288      1.86   0.00000 0.00001 0.00005 0.00074 0.00529 0.02985 0.11996 0.22732   0.000   0.6510   0.0874    7.45   0.000      516.0   0.1676   (327s)\n"}
,{"stream_name":"stdout","time":795.195112557,"data":" 1.85    1.306      1.91   0.00000 0.00001 0.00006 0.00097 0.00673 0.03608 0.13644 0.24258   0.000   0.6628   0.0854    7.76   0.000      542.2   0.1605   (336s)\n"}
,{"stream_name":"stdout","time":804.270616115,"data":" 1.90    1.324      1.95   0.00000 0.00001 0.00007 0.00127 0.00850 0.04329 0.15409 0.25727   0.000   0.6707   0.0835    8.03   0.000      563.1   0.1540   (345s)\n"}
,{"stream_name":"stdout","time":813.346573043,"data":" 1.95    1.343      2.00   0.00000 0.00001 0.00008 0.00166 0.01064 0.05153 0.17276 0.27115   0.001   0.6671   0.0822    8.12   0.000      546.5   0.1481   (354s)\n"}
,{"stream_name":"stdout","time":822.423773302,"data":" 2.00    1.362      2.05   0.00000 0.00002 0.00010 0.00215 0.01321 0.06087 0.19230 0.28405   0.002   0.6450   0.0810    7.96   0.000      512.5   0.1428   (363s)\n"}
,{"stream_name":"stdout","time":822.424555151,"data":"\n"}
,{"stream_name":"stdout","time":822.42458305,"data":"C22 descent: separation -\u003e peak twist, peak time (clock expires at t = 2.00)\n"}
,{"stream_name":"stdout","time":822.42458943,"data":"   sep 0.05   peak 0.00000 at t = 2.00   (at the clock: not a peak)\n"}
,{"stream_name":"stdout","time":822.424594434,"data":"   sep 0.07   peak 0.00002 at t = 2.00   (at the clock: not a peak)\n"}
,{"stream_name":"stdout","time":822.424599694,"data":"   sep 0.10   peak 0.00010 at t = 2.00   (at the clock: not a peak)\n"}
,{"stream_name":"stdout","time":822.42460493,"data":"   sep 0.14   peak 0.00215 at t = 2.00   (at the clock: not a peak)\n"}
,{"stream_name":"stdout","time":822.424610093,"data":"   sep 0.20   peak 0.01321 at t = 2.00   (at the clock: not a peak)\n"}
,{"stream_name":"stdout","time":822.424615635,"data":"   sep 0.28   peak 0.06087 at t = 2.00   (at the clock: not a peak)\n"}
,{"stream_name":"stdout","time":822.42462022,"data":"   sep 0.40   peak 0.19230 at t = 2.00   (at the clock: not a peak)\n"}
,{"stream_name":"stdout","time":822.424624782,"data":"   sep 0.56   peak 0.28405 at t = 2.00   (at the clock: not a peak)\n"}
,{"stream_name":"stdout","time":822.424629351,"data":"\n"}
,{"stream_name":"stdout","time":822.424634119,"data":"clock expires at t = 2.00 (delta 0.1428); strong twist peak 0.00010 at t = 2.00, at the clock 0.00010 (fall 0%); max|w| growth to the clock 0.85x\n"}
,{"stream_name":"stdout","time":822.424639547,"data":"race variable ell/ell_nu min inside the clock = 1.48 (at t = 0.70); cut fraction at the clock 0.000\n"}
,{"stream_name":"stdout","time":822.424880207,"data":"C21: Re_seam at the twist peak (t = 2.00) = 512.5; twist peak 0.00010; max|w| at the peak 2.0\n"}
,{"stream_name":"stdout","time":822.424890686,"data":"REGISTERED C20 at nu=0.001: between (see rows)\n"}
,{"stream_name":"stdout","time":823.011345694,"data":"=== IC=found FOUND=/kaggle/input/zef-found/ckn64.npz TAG=ckn NU=2e-3 T=2.4 -\u003e /kaggle/working/seam_ICfound_TAGckn_NU2e-3_T2.4.txt\n"}
,{"stream_name":"stdout","time":825.733827415,"data":"seam race on GPU: IC=found  N=256^3  nu=0.002  T=2.4  Z0=0.375  clock 2dx=0.0491  device=cuda\n"}
,{"stream_name":"stdout","time":826.47613761,"data":"   t     Z/Z0    max|w|   twist@0.05 @0.07 @0.1 @0.14 @0.2 @0.28 @0.4 @0.56   anti    ell     ell_nu   race   cut    Re_seam   delta\n"}
,{"stream_name":"stdout","time":826.476254533,"data":" 0.00    1.000      8.34   0.00000 0.00000 0.00000 0.00008 0.00058 0.00475 0.04610 0.28107   0.000   0.5067   44721.3596     nan   0.000      657.0   0.2187   (1s)\n"}
,{"stream_name":"stdout","time":837.950493037,"data":" 0.05    0.994      8.40   0.00000 0.00000 0.00000 0.00008 0.00053 0.00443 0.04409 0.27315   0.000   0.5078   0.2690    1.89   0.000      669.3   0.0197  \u003c-- past the clock   (12s)\n"}
,{"stream_name":"stdout","time":849.412571252,"data":" 0.10    0.991      8.33   0.00000 0.00000 0.00001 0.00008 0.00057 0.00457 0.04466 0.26741   0.000   0.4878   0.1154    4.23   0.000      618.1   0.0241  \u003c-- past the clock   (24s)\n"}
,{"stream_name":"stdout","time":860.870881121,"data":" 0.15    0.991      8.24   0.00000 0.00000 0.00001 0.00012 0.00076 0.00549 0.04813 0.26092   0.000   0.4663   0.0916    5.09   0.000      563.1   0.0580   (35s)\n"}
,{"stream_name":"stdout","time":872.328878834,"data":" 0.20    0.994      9.65   0.00000 0.00000 0.00002 0.00027 0.00140 0.00803 0.05460 0.25013   0.000   0.4831   0.0791    6.11   0.000      671.0   0.1439   (47s)\n"}
,{"stream_name":"stdout","time":883.790017954,"data":" 0.25    1.001     11.23   0.00000 0.00002 0.00009 0.00077 0.00316 0.01332 0.06305 0.23253   0.001   0.5321   0.0701    7.60   0.000      901.3   0.1809   (58s)\n"}
,{"stream_name":"stdout","time":895.25646587,"data":" 0.30    1.010     12.92   0.00001 0.00007 0.00030 0.00211 0.00702 0.02204 0.07127 0.20827   0.008   0.4432   0.0622    7.13   0.000      800.4   0.1525   (70s)\n"}
,{"stream_name":"stdout","time":906.815887584,"data":" 0.35    1.023     14.73   0.00003 0.00022 0.00089 0.00501 0.01379 0.03355 0.07694 0.18009   0.038   0.2475   0.0558    4.44   0.000       34.2   0.1259   (81s)\n"}
,{"stream_name":"stdout","time":918.286564813,"data":" 0.40    1.038     16.65   0.00009 0.00063 0.00222 0.01010 0.02342 0.04610 0.07878 0.15164   0.076   0.2213   0.0588    3.76   0.000       45.4   0.1059   (93s)\n"}
,{"stream_name":"stdout","time":929.755389568,"data":" 0.45    1.056     18.66   0.00023 0.00149 0.00466 0.01732 0.03482 0.05776 0.07682 0.12584   0.115   0.2109   0.0626    3.37   0.000       65.4   0.0909   (104s)\n"}
,{"stream_name":"stdout","time":942.428373577,"data":" 0.50    1.076     20.68   0.00053 0.00296 0.00823 0.02584 0.04659 0.06725 0.07230 0.10430   0.157   0.2018   0.0633    3.19   0.000       96.3   0.0797   (117s)\n"}
,{"stream_name":"stdout","time":955.103330634,"data":" 0.55    1.099     22.80   0.00100 0.00495 0.01244 0.03455 0.05764 0.07430 0.06726 0.08743   0.188   0.1933   0.0630    3.07   0.000      133.9   0.0712   (129s)\n"}
,{"stream_name":"stdout","time":967.778882823,"data":" 0.60    1.123     24.94   0.00154 0.00702 0.01644 0.04256 0.06744 0.07948 0.06334 0.07449   0.215   0.1855   0.0624    2.97   0.000      152.8   0.0649   (142s)\n"}
,{"stream_name":"stdout","time":980.451838253,"data":" 0.65    1.149     27.15   0.00198 0.00860 0.01948 0.04932 0.07578 0.08372 0.06129 0.06430   0.235   0.1785   0.0623    2.86   0.000      152.6   0.0607   (155s)\n"}
,{"stream_name":"stdout","time":991.918972978,"data":" 0.70    1.176     29.29   0.00216 0.00933 0.02122 0.05447 0.08270 0.08852 0.06128 0.05600   0.247   0.1732   0.0662    2.61   0.001      148.4   0.0583   (166s)\n"}
,{"stream_name":"stdout","time":1003.384071741,"data":" 0.75    1.204     31.28   0.00209 0.00926 0.02183 0.05818 0.08920 0.09543 0.06240 0.04917   0.252   0.1660   0.0749    2.22   0.004      137.9   0.0575   (178s)\n"}
,{"stream_name":"stdout","time":1014.846389372,"data":" 0.80    1.231     33.24   0.00186 0.00877 0.02183 0.06140 0.09654 0.10460 0.06272 0.04354   0.255   0.1637   0.0913    1.79   0.000      113.3   0.0578   (189s)\n"}
,{"stream_name":"stdout","time":1026.308083211,"data":" 0.85    1.260     34.97   0.00163 0.00829 0.02190 0.06519 0.10521 0.11458 0.06092 0.03892   0.270   0.1614   0.1329    1.21   0.013       93.4   0.0587   (201s)\n"}
,{"stream_name":"stdout","time":1037.770399529,"data":" 0.90    1.287     36.67   0.00147 0.00807 0.02245 0.06988 0.11435 0.12265 0.05679 0.03527   0.288   0.1607   0.3014    0.53   0.031       80.6   0.0601   (212s)\n"}
,{"stream_name":"stdout","time":1049.233028218,"data":" 0.95    1.315     38.36   0.00141 0.00817 0.02348 0.07471 0.12181 0.12602 0.05086 0.03258   0.314   0.1585   0.3503    0.45   0.067       68.9   0.0619   (223s)\n"}
,{"stream_name":"stdout","time":1060.700139304,"data":" 1.00    1.341     40.05   0.00141 0.00842 0.02453 0.07804 0.12494 0.12295 0.04452 0.03074   0.349   0.1607   0.1673    0.96   0.100       67.4   0.0637   (235s)\n"}
,{"stream_name":"stdout","time":1072.169610082,"data":" 1.05    1.367     41.41   0.00142 0.00861 0.02501 0.07802 0.12153 0.11330 0.03909 0.02962   0.383   0.1603   0.1545    1.04   0.158       75.4   0.0654   (246s)\n"}
,{"stream_name":"stdout","time":1083.638983923,"data":" 1.10    1.391     42.54   0.00141 0.00850 0.02438 0.07362 0.11109 0.09886 0.03504 0.02910   0.421   0.1618   0.1261    1.28   0.206       80.8   0.0669   (258s)\n"}
,{"stream_name":"stdout","time":1095.108674073,"data":" 1.15    1.414     43.34   0.00134 0.00807 0.02277 0.06605 0.09640 0.08303 0.03230 0.02907   0.442   0.1567   0.1114    1.41   0.251       89.4   0.0686   (269s)\n"}
,{"stream_name":"stdout","time":1106.578793951,"data":" 1.20    1.436     44.09   0.00128 0.00763 0.02119 0.05879 0.08257 0.06893 0.03068 0.02940   0.469   0.1562   0.1022    1.53   0.313       95.7   0.0703   (281s)\n"}
,{"stream_name":"stdout","time":1118.047742431,"data":" 1.25    1.457     44.40   0.00129 0.00764 0.02086 0.05506 0.07344 0.05777 0.02998 0.03001   0.513   0.1537   0.1160    1.32   0.378       99.8   0.0716   (292s)\n"}
,{"stream_name":"stdout","time":1129.518550207,"data":" 1.30    1.475     44.42   0.00143 0.00827 0.02210 0.05524 0.06916 0.04991 0.02997 0.03084   0.570   0.1465   0.0966    1.52   0.437      118.2   0.0725   (304s)\n"}
,{"stream_name":"stdout","time":1139.785905681,"data":" 1.35    1.493     44.06   0.00164 0.00919 0.02400 0.05698 0.06758 0.04547 0.03047 0.03179   0.584   0.1414   0.0966    1.46   0.482      127.7   0.0727   (314s)\n"}
,{"stream_name":"stdout","time":1150.053404642,"data":" 1.40    1.508     43.44   0.00181 0.00984 0.02527 0.05780 0.06668 0.04403 0.03150 0.03286   0.588   0.1396   0.0830    1.68   0.534      134.2   0.0725   (324s)\n"}
,{"stream_name":"stdout","time":1160.32156886,"data":" 1.45    1.521     42.70   0.00188 0.01001 0.02539 0.05706 0.06591 0.04515 0.03308 0.03403   0.576   0.1382   0.0859    1.61   0.572      131.6   0.0721   (335s)\n"}
,{"stream_name":"stdout","time":1170.587052291,"data":" 1.50    1.533     41.80   0.00188 0.00985 0.02476 0.05550 0.06549 0.04837 0.03516 0.03537   0.560   0.1366   0.0820    1.66   0.591      130.6   0.0718   (345s)\n"}
,{"stream_name":"stdout","time":1180.851154821,"data":" 1.55    1.542     40.82   0.00188 0.00969 0.02410 0.05428 0.06608 0.05320 0.03764 0.03686   0.547   0.1337   0.0787    1.70   0.640      125.9   0.0715   (355s)\n"}
,{"stream_name":"stdout","time":1191.112401213,"data":" 1.60    1.550     39.90   0.00194 0.00981 0.02404 0.05443 0.06851 0.05916 0.04044 0.03849   0.534   0.1329   0.0814    1.63   0.676      114.9   0.0712   (365s)\n"}
,{"stream_name":"stdout","time":1201.372688163,"data":" 1.65    1.556     38.94   0.00207 0.01023 0.02470 0.05614 0.07247 0.06536 0.04352 0.04022   0.521   0.1335   0.0918    1.45   0.699      107.6   0.0708   (376s)\n"}
,{"stream_name":"stdout","time":1211.630996334,"data":" 1.70    1.560     38.16   0.00220 0.01074 0.02566 0.05834 0.07603 0.07038 0.04677 0.04204   0.507   0.1366   0.0958    1.43   0.731       99.6   0.0702   (386s)\n"}
,{"stream_name":"stdout","time":1221.892309119,"data":" 1.75    1.562     37.21   0.00229 0.01106 0.02624 0.05949 0.07723 0.07314 0.05002 0.04397   0.518   0.1373   0.1038    1.32   0.734       96.3   0.0697   (396s)\n"}
,{"stream_name":"stdout","time":1232.157006209,"data":" 1.80    1.563     36.35   0.00232 0.01113 0.02628 0.05904 0.07593 0.07363 0.05317 0.04600   0.518   0.1371   0.1064    1.29   0.758       94.9   0.0695   (406s)\n"}
,{"stream_name":"stdout","time":1242.424771205,"data":" 1.85    1.563     35.48   0.00234 0.01110 0.02601 0.05768 0.07354 0.07292 0.05626 0.04817   0.526   0.1389   0.1210    1.15   0.755       92.2   0.0696   (417s)\n"}
,{"stream_name":"stdout","time":1251.488457086,"data":" 1.90    1.561     34.42   0.00240 0.01119 0.02589 0.05655 0.07186 0.07241 0.05938 0.05058   0.522   0.1391   0.1330    1.05   0.734       92.7   0.0698   (426s)\n"}
,{"stream_name":"stdout","time":1260.54975827,"data":" 1.95    1.558     33.51   0.00248 0.01140 0.02604 0.05623 0.07169 0.07295 0.06242 0.05335   0.528   0.1415   0.1174    1.21   0.738       91.6   0.0698   (435s)\n"}
,{"stream_name":"stdout","time":1269.610259403,"data":" 2.00    1.554     32.53   0.00253 0.01158 0.02631 0.05669 0.07283 0.07449 0.06515 0.05651   0.523   0.1416   0.1370    1.03   0.713       93.1   0.0698   (444s)\n"}
,{"stream_name":"stdout","time":1278.67048193,"data":" 2.05    1.549     31.46   0.00254 0.01162 0.02650 0.05761 0.07467 0.07682 0.06776 0.05970   0.521   0.1402   0.1353    1.04   0.704       88.9   0.0696   (453s)\n"}
,{"stream_name":"stdout","time":1287.730478921,"data":" 2.10    1.543     30.38   0.00251 0.01152 0.02652 0.05865 0.07676 0.07984 0.07049 0.06246   0.510   0.1381   0.1475    0.94   0.701       87.2   0.0694   (462s)\n"}
,{"stream_name":"stdout","time":1296.789792033,"data":" 2.15    1.536     29.90   0.00244 0.01133 0.02638 0.05956 0.07895 0.08345 0.07355 0.06476   0.486   0.1417   0.2046    0.69   0.693       86.7   0.0692   (471s)\n"}
,{"stream_name":"stdout","time":1305.849618055,"data":" 2.20    1.529     29.41   0.00238 0.01112 0.02617 0.06033 0.08133 0.08744 0.07695 0.06683   0.461   0.1444   0.2321    0.62   0.697       83.4   0.0692   (480s)\n"}
,{"stream_name":"stdout","time":1314.906403233,"data":" 2.25    1.522     28.89   0.00230 0.01088 0.02594 0.06108 0.08386 0.09146 0.08057 0.06882   0.428   0.1468   44721.3596     nan   0.687       79.3   0.0693   (489s)\n"}
,{"stream_name":"stdout","time":1323.963480655,"data":" 2.30    1.514     28.28   0.00221 0.01065 0.02574 0.06194 0.08642 0.09521 0.08422 0.07094   0.398   0.1484   44721.3596     nan   0.690       75.1   0.0695   (498s)\n"}
,{"stream_name":"stdout","time":1333.020350913,"data":" 2.35    1.505     26.56   0.00211 0.01039 0.02556 0.06289 0.08882 0.09853 0.08780 0.07327   0.366   0.1455   0.3805    0.38   0.668       74.0   0.0696   (507s)\n"}
,{"stream_name":"stdout","time":1342.076307052,"data":" 2.40    1.497     26.00   0.00200 0.01012 0.02539 0.06380 0.09090 0.10140 0.09132 0.07581   0.347   0.1458   0.2512    0.58   0.651       70.7   0.0699   (516s)\n"}
,{"stream_name":"stdout","time":1342.077713729,"data":"\n"}
,{"stream_name":"stdout","time":1342.077740606,"data":"C22 descent: separation -\u003e peak twist, peak time (clock expires at t = 2.40)\n"}
,{"stream_name":"stdout","time":1342.077752959,"data":"   sep 0.05   peak 0.00254 at t = 2.05\n"}
,{"stream_name":"stdout","time":1342.07775677,"data":"   sep 0.07   peak 0.01162 at t = 2.05\n"}
,{"stream_name":"stdout","time":1342.07776029,"data":"   sep 0.10   peak 0.02652 at t = 2.10\n"}
,{"stream_name":"stdout","time":1342.077763468,"data":"   sep 0.14   peak 0.07804 at t = 1.00\n"}
,{"stream_name":"stdout","time":1342.077768171,"data":"   sep 0.20   peak 0.12494 at t = 1.00\n"}
,{"stream_name":"stdout","time":1342.077786687,"data":"   sep 0.28   peak 0.12602 at t = 0.95\n"}
,{"stream_name":"stdout","time":1342.077792206,"data":"   sep 0.40   peak 0.09132 at t = 2.40   (at the clock: not a peak)\n"}
,{"stream_name":"stdout","time":1342.077797472,"data":"   sep 0.56   peak 0.28107 at t = 0.00\n"}
,{"stream_name":"stdout","time":1342.077802268,"data":"   halving times (time for the wave to descend one octave), from resolved peaks only:\n"}
,{"stream_name":"stdout","time":1342.077807483,"data":"      0.56 -\u003e 0.28 : 0.95  per octave 0.95\n"}
,{"stream_name":"stdout","time":1342.077812926,"data":"      0.28 -\u003e 0.20 : 0.05  per octave 0.10\n"}
,{"stream_name":"stdout","time":1342.077818034,"data":"      0.20 -\u003e 0.14 : 0.00  per octave 0.00\n"}
,{"stream_name":"stdout","time":1342.077823424,"data":"      0.14 -\u003e 0.10 : 1.10  per octave 2.27\n"}
,{"stream_name":"stdout","time":1342.077844416,"data":"      0.10 -\u003e 0.07 : -0.05  per octave -0.10\n"}
,{"stream_name":"stdout","time":1342.077861309,"data":"      0.07 -\u003e 0.05 : 0.00  per octave 0.00\n"}
,{"stream_name":"stdout","time":1342.077865548,"data":"   V: gap = 0.204 (2.29 - t), T* = 2.29; thickness e-fold 27.44; arms meet at t = 1.94, scale 0.070, sqrt(nu/s) there 0.117 (inside the clock)\n"}
,{"stream_name":"stdout","time":1342.077869734,"data":"\n"}
,{"stream_name":"stdout","time":1342.077873916,"data":"clock expires at t = 2.40 (delta 0.0699); strong twist peak 0.02652 at t = 2.10, at the clock 0.02539 (fall 4%); max|w| growth to the clock 3.12x\n"}
,{"stream_name":"stdout","time":1342.077878442,"data":"race variable ell/ell_nu min inside the clock = 0.38 (at t = 2.35); cut fraction at the clock 0.651\n"}
,{"stream_name":"stdout","time":1342.077882324,"data":"C21: Re_seam at the twist peak (t = 2.10) = 87.2; twist peak 0.02652; max|w| at the peak 30.4\n"}
,{"stream_name":"stdout","time":1342.07788612,"data":"REGISTERED C20 at nu=0.002: between (see rows)\n"}
,{"stream_name":"stdout","time":1342.590856168,"data":"=== IC=found FOUND=/kaggle/input/zef-found/ckn64.npz TAG=ckn NU=1e-3 T=2.0 -\u003e /kaggle/working/seam_ICfound_TAGckn_NU1e-3_T2.0.txt\n"}
,{"stream_name":"stdout","time":1345.223040708,"data":"seam race on GPU: IC=found  N=256^3  nu=0.001  T=2.0  Z0=0.375  clock 2dx=0.0491  device=cuda\n"}
,{"stream_name":"stdout","time":1345.976277875,"data":"   t     Z/Z0    max|w|   twist@0.05 @0.07 @0.1 @0.14 @0.2 @0.28 @0.4 @0.56   anti    ell     ell_nu   race   cut    Re_seam   delta\n"}
,{"stream_name":"stdout","time":1345.976321955,"data":" 0.00    1.000      8.34   0.00000 0.00000 0.00000 0.00008 0.00058 0.00475 0.04610 0.28107   0.000   0.5067   31622.7767     nan   0.000     1314.0   0.2187   (1s)\n"}
,{"stream_name":"stdout","time":1357.439667221,"data":" 0.05    0.997      8.42   0.00000 0.00000 0.00000 0.00008 0.00054 0.00444 0.04414 0.27347   0.000   0.5077   0.1897    2.68   0.000     1340.1   0.0170  \u003c-- past the clock   (12s)\n"}
,{"stream_name":"stdout","time":1368.899490513,"data":" 0.10    0.996      8.36   0.00000 0.00000 0.00001 0.00008 0.00057 0.00458 0.04479 0.26802   0.000   0.4876   0.0813    5.99   0.000     1237.6   0.0199  \u003c-- past the clock   (24s)\n"}
,{"stream_name":"stdout","time":1380.359910339,"data":" 0.15    1.000      8.30   0.00000 0.00000 0.00001 0.00012 0.00077 0.00554 0.04841 0.26173   0.000   0.4663   0.0645    7.23   0.000     1134.5   0.0528   (35s)\n"}
,{"stream_name":"stdout","time":1391.818956342,"data":" 0.20    1.006      9.75   0.00000 0.00000 0.00003 0.00028 0.00144 0.00819 0.05511 0.25088   0.000   0.4833   0.0557    8.68   0.000     1356.0   0.1383   (47s)\n"}
,{"stream_name":"stdout","time":1403.277676461,"data":" 0.25    1.016     11.40   0.00000 0.00002 0.00010 0.00082 0.00333 0.01378 0.06384 0.23280   0.001   0.5345   0.0491   10.88   0.000     1842.7   0.1739   (58s)\n"}
,{"stream_name":"stdout","time":1414.759258227,"data":" 0.30    1.029     13.18   0.00001 0.00008 0.00034 0.00231 0.00754 0.02305 0.07224 0.20761   0.010   0.4175   0.0434    9.61   0.000       55.0   0.1431   (70s)\n"}
,{"stream_name":"stdout","time":1426.217546696,"data":" 0.35    1.046     15.10   0.00003 0.00027 0.00105 0.00564 0.01503 0.03530 0.07785 0.17827   0.045   0.2409   0.0393    6.14   0.000       72.7   0.1156   (81s)\n"}
,{"stream_name":"stdout","time":1437.677674682,"data":" 0.40    1.066     17.18   0.00012 0.00080 0.00272 0.01159 0.02575 0.04862 0.07933 0.14874   0.087   0.2197   0.0424    5.18   0.000      100.8   0.0951   (92s)\n"}
,{"stream_name":"stdout","time":1450.344745979,"data":" 0.45    1.090     19.38   0.00035 0.00204 0.00594 0.02014 0.03851 0.06093 0.07685 0.12217   0.134   0.2086   0.0442    4.72   0.000      162.5   0.0796   (105s)\n"}
,{"stream_name":"stdout","time":1463.014133092,"data":" 0.50    1.117     21.62   0.00088 0.00432 0.01083 0.03041 0.05187 0.07100 0.07205 0.10032   0.177   0.2020   0.0449    4.49   0.000      266.1   0.0680   (118s)\n"}
,{"stream_name":"stdout","time":1475.6841187,"data":" 0.55    1.148     24.02   0.00180 0.00759 0.01677 0.04134 0.06500 0.07890 0.06730 0.08349   0.215   0.1952   0.0452    4.32   0.000      364.2   0.0593   (130s)\n"}
,{"stream_name":"stdout","time":1488.353523876,"data":" 0.60    1.182     26.48   0.00295 0.01119 0.02269 0.05239 0.07766 0.08536 0.06412 0.07064   0.245   0.1894   0.0450    4.21   0.000      380.0   0.0529   (143s)\n"}
,{"stream_name":"stdout","time":1501.020758991,"data":" 0.65    1.218     29.12   0.00394 0.01415 0.02779 0.06302 0.08939 0.09148 0.06317 0.06043   0.275   0.1870   0.0479    3.91   0.000      389.7   0.0487  \u003c-- past the clock   (156s)\n"}
,{"stream_name":"stdout","time":1513.685250941,"data":" 0.70    1.258     31.74   0.00443 0.01595 0.03181 0.07250 0.10051 0.09983 0.06448 0.05216   0.287   0.1866   0.0577    3.23   0.000      376.7   0.0465  \u003c-- past the clock   (168s)\n"}
,{"stream_name":"stdout","time":1526.349487222,"data":" 0.75    1.299     34.08   0.00442 0.01672 0.03495 0.08109 0.11300 0.11176 0.06598 0.04542   0.298   0.1824   0.0838    2.18   0.000      304.6   0.0458  \u003c-- past the clock   (181s)\n"}
,{"stream_name":"stdout","time":1537.81024039,"data":" 0.80    1.343     36.46   0.00420 0.01716 0.03783 0.09008 0.12757 0.12605 0.06524 0.03981   0.318   0.1765   31622.7767     nan   0.000      280.4   0.0460  \u003c-- past the clock   (193s)\n"}
,{"stream_name":"stdout","time":1549.270046929,"data":" 0.85    1.390     38.47   0.00405 0.01782 0.04088 0.09986 0.14285 0.13892 0.06144 0.03521   0.353   0.1690   31622.7767     nan   0.009      239.2   0.0467  \u003c-- past the clock   (204s)\n"}
,{"stream_name":"stdout","time":1560.729668723,"data":" 0.90    1.437     39.93   0.00408 0.01877 0.04398 0.10904 0.15536 0.14583 0.05472 0.03163   0.399   0.1751   0.1109    1.58   0.022      219.0   0.0482  \u003c-- past the clock   (216s)\n"}
,{"stream_name":"stdout","time":1572.188876603,"data":" 0.95    1.487     41.70   0.00421 0.01973 0.04652 0.11518 0.16146 0.14385 0.04676 0.02903   0.459   0.1751   0.0715    2.45   0.035      220.8   0.0498   (227s)\n"}
,{"stream_name":"stdout","time":1583.648273265,"data":" 1.00    1.537     43.45   0.00433 0.02042 0.04778 0.11626 0.15834 0.13240 0.03993 0.02727   0.534   0.1731   0.0586    2.95   0.051      267.9   0.0512   (238s)\n"}
,{"stream_name":"stdout","time":1595.106875378,"data":" 1.05    1.589     44.74   0.00444 0.02065 0.04741 0.11153 0.14616 0.11493 0.03503 0.02625   0.598   0.1749   0.0488    3.58   0.068      317.5   0.0524   (250s)\n"}
,{"stream_name":"stdout","time":1606.566523066,"data":" 1.10    1.641     46.64   0.00449 0.02053 0.04615 0.10327 0.12972 0.09740 0.03174 0.02587   0.665   0.1701   0.0450    3.78   0.097      387.8   0.0537   (261s)\n"}
,{"stream_name":"stdout","time":1618.025571221,"data":" 1.15    1.693     48.06   0.00466 0.02090 0.04595 0.09641 0.11550 0.08166 0.02968 0.02598   0.740   0.1615   0.0425    3.80   0.136      465.9   0.0547   (273s)\n"}
,{"stream_name":"stdout","time":1629.484440171,"data":" 1.20    1.745     49.34   0.00526 0.02281 0.04856 0.09448 0.10517 0.06657 0.02875 0.02638   0.811   0.1469   0.0407    3.60   0.183      503.4   0.0548   (284s)\n"}
,{"stream_name":"stdout","time":1640.943016654,"data":" 1.25    1.797     49.23   0.00628 0.02605 0.05335 0.09485 0.09590 0.05446 0.02851 0.02678   0.852   0.1387   0.0383    3.62   0.222      486.6   0.0544   (296s)\n"}
,{"stream_name":"stdout","time":1652.402088641,"data":" 1.30    1.847     48.71   0.00734 0.02913 0.05716 0.09307 0.08878 0.04813 0.02838 0.02718   0.867   0.1271   0.0367    3.46   0.261      422.0   0.0535   (307s)\n"}
,{"stream_name":"stdout","time":1663.860274459,"data":" 1.35    1.896     49.16   0.00799 0.03074 0.05880 0.09063 0.08698 0.04859 0.02877 0.02764   0.865   0.1178   0.0353    3.33   0.313      389.1   0.0525   (319s)\n"}
,{"stream_name":"stdout","time":1675.32047112,"data":" 1.40    1.942     48.65   0.00826 0.03139 0.05973 0.09104 0.08924 0.05411 0.02984 0.02817   0.861   0.1067   0.0353    3.02   0.340      331.1   0.0521   (330s)\n"}
,{"stream_name":"stdout","time":1686.781365995,"data":" 1.45    1.987     47.98   0.00865 0.03261 0.06177 0.09438 0.09341 0.06363 0.03151 0.02890   0.845   0.1038   0.0369    2.81   0.360      331.3   0.0519   (342s)\n"}
,{"stream_name":"stdout","time":1698.243962145,"data":" 1.50    2.029     47.50   0.00969 0.03583 0.06679 0.10163 0.10357 0.07673 0.03389 0.02986   0.817   0.1017   0.0363    2.80   0.374      304.0   0.0512   (353s)\n"}
,{"stream_name":"stdout","time":1709.709258029,"data":" 1.55    2.069     47.39   0.01161 0.04161 0.07535 0.11256 0.11796 0.08740 0.03723 0.03103   0.800   0.0985   0.0419    2.35   0.345      275.7   0.0501   (364s)\n"}
,{"stream_name":"stdout","time":1721.17462979,"data":" 1.60    2.106     46.87   0.01362 0.04714 0.08234 0.11968 0.12602 0.09030 0.04137 0.03227   0.800   0.0996   0.0441    2.26   0.330      276.5   0.0488  \u003c-- past the clock   (376s)\n"}
,{"stream_name":"stdout","time":1732.63990608,"data":" 1.65    2.142     46.43   0.01438 0.04802 0.08262 0.11832 0.12005 0.08788 0.04573 0.03352   0.803   0.1004   0.0399    2.52   0.336      271.5   0.0481  \u003c-- past the clock   (387s)\n"}
,{"stream_name":"stdout","time":1744.105966937,"data":" 1.70    2.175     46.47   0.01380 0.04541 0.07780 0.11092 0.10753 0.08241 0.05006 0.03520   0.814   0.1008   0.0400    2.52   0.312      285.9   0.0479  \u003c-- past the clock   (399s)\n"}
,{"stream_name":"stdout","time":1754.36686687,"data":" 1.75    2.206     46.61   0.01360 0.04298 0.07273 0.10712 0.10439 0.07843 0.05445 0.03783   0.810   0.1004   0.0411    2.45   0.303      276.9   0.0475  \u003c-- past the clock   (409s)\n"}
,{"stream_name":"stdout","time":1764.630417864,"data":" 1.80    2.235     45.87   0.01407 0.04172 0.06970 0.10566 0.10455 0.07933 0.05535 0.04101   0.794   0.0990   0.0473    2.10   0.288      262.6   0.0463  \u003c-- past the clock   (419s)\n"}
,{"stream_name":"stdout","time":1774.89103649,"data":" 1.85    2.261     45.83   0.01475 0.04164 0.06864 0.10578 0.10588 0.07934 0.05398 0.04379   0.785   0.0965   0.0440    2.19   0.301      243.3   0.0444  \u003c-- past the clock   (430s)\n"}
,{"stream_name":"stdout","time":1785.153722819,"data":" 1.90    2.284     47.56   0.01515 0.04112 0.06742 0.10558 0.10548 0.07861 0.05373 0.04674   0.785   0.0989   0.0436    2.27   0.301      269.1   0.0426  \u003c-- past the clock   (440s)\n"}
,{"stream_name":"stdout","time":1795.415799658,"data":" 1.95    2.304     47.83   0.01476 0.03981 0.06540 0.10350 0.10432 0.07993 0.05467 0.04770   0.780   0.1003   0.0491    2.04   0.294      281.1   0.0418  \u003c-- past the clock   (450s)\n"}
,{"stream_name":"stdout","time":1805.679374808,"data":" 2.00    2.321     46.43   0.01362 0.03764 0.06212 0.10059 0.10576 0.08376 0.05693 0.04714   0.763   0.0983   0.0648    1.52   0.273      255.2   0.0421  \u003c-- past the clock   (460s)\n"}
,{"stream_name":"stdout","time":1805.680847277,"data":"\n"}
,{"stream_name":"stdout","time":1805.680869356,"data":"C22 descent: separation -\u003e peak twist, peak time (clock expires at t = 1.55)\n"}
,{"stream_name":"stdout","time":1805.680875991,"data":"   sep 0.05   peak 0.01161 at t = 1.55   (at the clock: not a peak)\n"}
,{"stream_name":"stdout","time":1805.680881181,"data":"   sep 0.07   peak 0.04161 at t = 1.55   (at the clock: not a peak)\n"}
,{"stream_name":"stdout","time":1805.680885816,"data":"   sep 0.10   peak 0.07535 at t = 1.55   (at the clock: not a peak)\n"}
,{"stream_name":"stdout","time":1805.680898852,"data":"   sep 0.14   peak 0.11626 at t = 1.00\n"}
,{"stream_name":"stdout","time":1805.680903025,"data":"   sep 0.20   peak 0.16146 at t = 0.95\n"}
,{"stream_name":"stdout","time":1805.680906655,"data":"   sep 0.28   peak 0.14583 at t = 0.90\n"}
,{"stream_name":"stdout","time":1805.680910564,"data":"   sep 0.40   peak 0.07933 at t = 0.40\n"}
,{"stream_name":"stdout","time":1805.68091507,"data":"   sep 0.56   peak 0.28107 at t = 0.00\n"}
,{"stream_name":"stdout","time":1805.680919067,"data":"   halving times (time for the wave to descend one octave), from resolved peaks only:\n"}
,{"stream_name":"stdout","time":1805.681005402,"data":"      0.56 -\u003e 0.40 : 0.40  per octave 0.82\n"}
,{"stream_name":"stdout","time":1805.681014072,"data":"      0.40 -\u003e 0.28 : 0.50  per octave 0.97\n"}
,{"stream_name":"stdout","time":1805.68101798,"data":"      0.28 -\u003e 0.20 : 0.05  per octave 0.10\n"}
,{"stream_name":"stdout","time":1805.681021813,"data":"      0.20 -\u003e 0.14 : 0.05  per octave 0.10\n"}
,{"stream_name":"stdout","time":1805.681025251,"data":"   V: gap = 0.375 (1.49 - t), T* = 1.49; thickness e-fold inf; arms meet at t = 1.35, scale 0.052, sqrt(nu/s) there 0.035 (inside the clock)\n"}
,{"stream_name":"stdout","time":1805.681029005,"data":"\n"}
,{"stream_name":"stdout","time":1805.681032154,"data":"clock expires at t = 1.55 (delta 0.0501); strong twist peak 0.07535 at t = 1.55, at the clock 0.07535 (fall 0%); max|w| growth to the clock 5.69x\n"}
,{"stream_name":"stdout","time":1805.681035952,"data":"race variable ell/ell_nu min inside the clock = 1.58 (at t = 0.90); cut fraction at the clock 0.345\n"}
,{"stream_name":"stdout","time":1805.681039902,"data":"C21: Re_seam at the twist peak (t = 1.55) = 275.7; twist peak 0.07535; max|w| at the peak 47.4\n"}
,{"stream_name":"stdout","time":1805.681043466,"data":"REGISTERED C20 at nu=0.001: between (see rows)\n"}
,{"stream_name":"stdout","time":1806.174800082,"data":"=== IC=pair NU=2e-3 T=6 -\u003e /kaggle/working/seam_ICpair_NU2e-3_T6.txt\n"}
,{"stream_name":"stdout","time":1808.577598084,"data":"seam race on GPU: IC=pair  N=256^3  nu=0.002  T=6.0  Z0=0.375  clock 2dx=0.0491  device=cuda\n"}
,{"stream_name":"stdout","time":1809.291742957,"data":"   t     Z/Z0    max|w|   twist@0.05 @0.07 @0.1 @0.14 @0.2 @0.28 @0.4 @0.56   anti    ell     ell_nu   race   cut    Re_seam   delta\n"}
,{"stream_name":"stdout","time":1809.291784558,"data":" 0.00    1.000     12.18   0.00001 0.00005 0.00025 0.00182 0.00677 0.02499 0.08353 0.15794   0.000   0.2461   44721.3596     nan   0.000      252.6   0.0186  \u003c-- past the clock   (1s)\n"}
,{"stream_name":"stdout","time":1820.780922063,"data":" 0.05    0.994     12.10   0.00001 0.00005 0.00024 0.00176 0.00659 0.02445 0.08234 0.15678   0.000   0.2464   0.3588    0.69   0.000      253.7   0.0272  \u003c-- past the clock   (12s)\n"}
,{"stream_name":"stdout","time":1832.261432281,"data":" 0.10    0.988     12.04   0.00000 0.00005 0.00022 0.00165 0.00620 0.02330 0.07973 0.15352   0.000   0.2477   0.2835    0.87   0.000      253.2   0.0692   (24s)\n"}
,{"stream_name":"stdout","time":1843.737534909,"data":" 0.15    0.982     11.94   0.00000 0.00004 0.00020 0.00149 0.00569 0.02174 0.07610 0.14873   0.000   0.2490   0.2788    0.89   0.000      252.8   0.1337   (35s)\n"}
,{"stream_name":"stdout","time":1855.214206294,"data":" 0.20    0.977     11.86   0.00000 0.00004 0.00018 0.00133 0.00513 0.01999 0.07191 0.14307   0.000   0.2506   0.3186    0.79   0.000      253.2   0.1719   (47s)\n"}
,{"stream_name":"stdout","time":1866.692453747,"data":" 0.25    0.971     11.76   0.00000 0.00003 0.00015 0.00117 0.00458 0.01824 0.06762 0.13713   0.000   0.2524   0.5497    0.46   0.000      254.2   0.1683   (58s)\n"}
,{"stream_name":"stdout","time":1878.172390428,"data":" 0.30    0.965     11.64   0.00000 0.00003 0.00014 0.00103 0.00408 0.01661 0.06355 0.13133   0.000   0.2552   44721.3596     nan   0.000      256.4   0.1517   (70s)\n"}
,{"stream_name":"stdout","time":1888.448645866,"data":" 0.35    0.960     11.54   0.00000 0.00003 0.00012 0.00091 0.00364 0.01517 0.05992 0.12599   0.000   0.2583   44721.3596     nan   0.000      258.3   0.1382   (80s)\n"}
,{"stream_name":"stdout","time":1898.72462444,"data":" 0.40    0.955     11.44   0.00000 0.00002 0.00010 0.00080 0.00327 0.01394 0.05687 0.12131   0.000   0.2626   44721.3596     nan   0.000      262.3   0.1278   (90s)\n"}
,{"stream_name":"stdout","time":1908.999388674,"data":" 0.45    0.950     11.35   0.00000 0.00002 0.00009 0.00072 0.00295 0.01290 0.05441 0.11743   0.000   0.2678   44721.3596     nan   0.000      269.0   0.1198   (100s)\n"}
,{"stream_name":"stdout","time":1919.275453151,"data":" 0.50    0.947     11.27   0.00000 0.00002 0.00008 0.00064 0.00268 0.01203 0.05253 0.11445   0.000   0.2732   44721.3596     nan   0.000      276.4   0.1137   (111s)\n"}
,{"stream_name":"stdout","time":1929.552850606,"data":" 0.55    0.943     11.18   0.00000 0.00002 0.00007 0.00058 0.00245 0.01130 0.05116 0.11244   0.000   0.2783   44721.3596     nan   0.000      282.2   0.1089   (121s)\n"}
,{"stream_name":"stdout","time":1939.831356769,"data":" 0.60    0.941     11.07   0.00000 0.00001 0.00007 0.00053 0.00227 0.01070 0.05022 0.11143   0.000   0.2827   44721.3596     nan   0.000      286.0   0.1053   (131s)\n"}
,{"stream_name":"stdout","time":1948.903434827,"data":" 0.65    0.940     10.98   0.00000 0.00001 0.00006 0.00048 0.00212 0.01021 0.04965 0.11146   0.000   0.2859   44721.3596     nan   0.000      288.8   0.1026   (140s)\n"}
,{"stream_name":"stdout","time":1957.976212197,"data":" 0.70    0.939     10.90   0.00000 0.00001 0.00006 0.00045 0.00200 0.00982 0.04936 0.11254   0.000   0.2899   44721.3596     nan   0.000      296.1   0.1006   (149s)\n"}
,{"stream_name":"stdout","time":1967.048139185,"data":" 0.75    0.939     10.81   0.00000 0.00001 0.00005 0.00043 0.00191 0.00952 0.04931 0.11466   0.000   0.2917   44721.3596     nan   0.000      300.0   0.0992   (158s)\n"}
,{"stream_name":"stdout","time":1976.120739483,"data":" 0.80    0.940     10.71   0.00000 0.00001 0.00005 0.00042 0.00186 0.00932 0.04946 0.11780   0.000   0.2934   44721.3596     nan   0.000      299.2   0.0981   (168s)\n"}
,{"stream_name":"stdout","time":1985.192172762,"data":" 0.85    0.941     10.62   0.00000 0.00001 0.00005 0.00041 0.00183 0.00920 0.04978 0.12192   0.000   0.2950   44721.3596     nan   0.000      299.8   0.0973   (177s)\n"}
,{"stream_name":"stdout","time":1994.263448545,"data":" 0.90    0.942     10.52   0.00000 0.00001 0.00005 0.00042 0.00184 0.00917 0.05027 0.12695   0.000   0.2964   44721.3596     nan   0.000      300.9   0.0967   (186s)\n"}
,{"stream_name":"stdout","time":2003.333447475,"data":" 0.95    0.945     10.78   0.00000 0.00001 0.00005 0.00043 0.00188 0.00924 0.05090 0.13283   0.000   0.3045   44721.3596     nan   0.000      318.8   0.0963   (195s)\n"}
,{"stream_name":"stdout","time":2012.403310056,"data":" 1.00    0.947     11.12   0.00000 0.00001 0.00006 0.00045 0.00195 0.00940 0.05169 0.13949   0.000   0.3133   44721.3596     nan   0.000      343.5   0.0959   (204s)\n"}
,{"stream_name":"stdout","time":2021.472872795,"data":" 1.05    0.950     11.44   0.00000 0.00001 0.00006 0.00049 0.00206 0.00966 0.05263 0.14684   0.000   0.3221   44721.3596     nan   0.000      370.7   0.0956   (213s)\n"}
,{"stream_name":"stdout","time":2030.542994771,"data":" 1.10    0.953     11.83   0.00000 0.00002 0.00007 0.00054 0.00222 0.01000 0.05371 0.15483   0.000   0.3332   44721.3596     nan   0.000      403.7   0.0954   (222s)\n"}
,{"stream_name":"stdout","time":2039.613361467,"data":" 1.15    0.956     12.19   0.00000 0.00002 0.00008 0.00060 0.00243 0.01042 0.05495 0.16339   0.000   0.3460   44721.3596     nan   0.000      439.5   0.0951   (231s)\n"}
,{"stream_name":"stdout","time":2048.683771861,"data":" 1.20    0.959     12.62   0.00000 0.00002 0.00009 0.00068 0.00269 0.01090 0.05633 0.17247   0.000   0.3612   44721.3596     nan   0.000      490.3   0.0948   (240s)\n"}
,{"stream_name":"stdout","time":2057.752881573,"data":" 1.25    0.962     12.99   0.00000 0.00002 0.00010 0.00080 0.00301 0.01143 0.05787 0.18201   0.000   0.3802   44721.3596     nan   0.000      556.8   0.0945   (249s)\n"}
,{"stream_name":"stdout","time":2066.822011232,"data":" 1.30    0.966     13.45   0.00000 0.00003 0.00012 0.00095 0.00339 0.01198 0.05955 0.19201   0.000   0.4034   44721.3596     nan   0.000      642.2   0.0942   (258s)\n"}
,{"stream_name":"stdout","time":2075.891177107,"data":" 1.35    0.969     13.85   0.00000 0.00003 0.00015 0.00113 0.00381 0.01254 0.06139 0.20242   0.000   0.4252   0.6966    0.61   0.000      723.5   0.0938   (267s)\n"}
,{"stream_name":"stdout","time":2084.959989415,"data":" 1.40    0.972     14.25   0.00001 0.00004 0.00018 0.00135 0.00427 0.01309 0.06338 0.21320   0.000   0.4395   0.2697    1.63   0.000      789.1   0.0934   (276s)\n"}
,{"stream_name":"stdout","time":2094.029782438,"data":" 1.45    0.976     14.71   0.00001 0.00005 0.00022 0.00160 0.00474 0.01360 0.06553 0.22429   0.000   0.4513   0.1947    2.32   0.000      844.4   0.0929   (285s)\n"}
,{"stream_name":"stdout","time":2103.097680082,"data":" 1.50    0.979     15.10   0.00001 0.00006 0.00028 0.00187 0.00522 0.01406 0.06782 0.23559   0.000   0.4449   0.1546    2.88   0.000      838.7   0.0923   (295s)\n"}
,{"stream_name":"stdout","time":2112.16672278,"data":" 1.55    0.983     15.48   0.00001 0.00008 0.00034 0.00217 0.00567 0.01446 0.07026 0.24698   0.000   0.3941   0.1290    3.05   0.000      709.8   0.0917   (304s)\n"}
,{"stream_name":"stdout","time":2121.234794969,"data":" 1.60    0.986     15.94   0.00001 0.00010 0.00042 0.00247 0.00607 0.01480 0.07283 0.25831   0.000   0.2717   0.1052    2.58   0.000      389.0   0.0911   (313s)\n"}
,{"stream_name":"stdout","time":2130.302518598,"data":" 1.65    0.990     16.34   0.00002 0.00012 0.00050 0.00277 0.00643 0.01508 0.07549 0.26943   0.000   0.2224   0.0978    2.27   0.000      262.9   0.0904   (322s)\n"}
,{"stream_name":"stdout","time":2139.37006993,"data":" 1.70    0.993     16.68   0.00002 0.00015 0.00060 0.00305 0.00671 0.01529 0.07820 0.28020   0.000   0.1987   0.0942    2.11   0.000      218.6   0.0896   (331s)\n"}
,{"stream_name":"stdout","time":2148.43719448,"data":" 1.75    0.996     17.06   0.00002 0.00018 0.00070 0.00331 0.00691 0.01546 0.08092 0.29048   0.000   0.1909   0.0941    2.03   0.000      210.7   0.0889   (340s)\n"}
,{"stream_name":"stdout","time":2157.503939934,"data":" 1.80    0.999     17.49   0.00003 0.00021 0.00080 0.00352 0.00704 0.01559 0.08359 0.30015   0.000   0.1894   0.1008    1.88   0.000      209.3   0.0881   (349s)\n"}
,{"stream_name":"stdout","time":2166.571650049,"data":" 1.85    1.003     17.87   0.00003 0.00025 0.00091 0.00370 0.00710 0.01568 0.08614 0.30914   0.000   0.1838   0.0978    1.88   0.000      204.4   0.0872   (358s)\n"}
,{"stream_name":"stdout","time":2175.638290662,"data":" 1.90    1.006     18.20   0.00004 0.00029 0.00101 0.00382 0.00709 0.01575 0.08853 0.31736   0.000   0.1800   0.1026    1.75   0.000      198.9   0.0864   (367s)\n"}
,{"stream_name":"stdout","time":2184.707235337,"data":" 1.95    1.009     18.48   0.00005 0.00033 0.00110 0.00389 0.00702 0.01580 0.09073 0.32479   0.000   0.1772   0.1063    1.67   0.000      197.8   0.0856   (376s)\n"}
,{"stream_name":"stdout","time":2193.776043241,"data":" 2.00    1.012     18.92   0.00006 0.00037 0.00118 0.00390 0.00692 0.01582 0.09270 0.33140   0.000   0.1747   0.1059    1.65   0.000      196.8   0.0848   (385s)\n"}
,{"stream_name":"stdout","time":2202.845639056,"data":" 2.05    1.015     19.32   0.00007 0.00041 0.00124 0.00388 0.00679 0.01583 0.09445 0.33718   0.000   0.1730   0.1101    1.57   0.000      187.6   0.0841   (394s)\n"}
,{"stream_name":"stdout","time":2211.914695259,"data":" 2.10    1.018     19.65   0.00008 0.00045 0.00129 0.00381 0.00666 0.01582 0.09600 0.34215   0.000   0.1712   0.1125    1.52   0.000      186.2   0.0835   (403s)\n"}
,{"stream_name":"stdout","time":2220.984607227,"data":" 2.15    1.021     19.91   0.00008 0.00048 0.00132 0.00372 0.00652 0.01579 0.09738 0.34631   0.000   0.1648   0.1157    1.43   0.000      189.6   0.0831   (412s)\n"}
,{"stream_name":"stdout","time":2230.053886141,"data":" 2.20    1.024     20.25   0.00009 0.00050 0.00133 0.00361 0.00640 0.01576 0.09864 0.34967   0.000   0.1637   0.1240    1.32   0.000      188.7   0.0827   (421s)\n"}
,{"stream_name":"stdout","time":2239.122601187,"data":" 2.25    1.027     20.64   0.00010 0.00052 0.00132 0.00350 0.00629 0.01573 0.09982 0.35226   0.000   0.1649   0.1230    1.34   0.000      184.7   0.0825   (431s)\n"}
,{"stream_name":"stdout","time":2248.191506003,"data":" 2.30    1.031     20.95   0.00011 0.00053 0.00130 0.00339 0.00622 0.01571 0.10096 0.35409   0.000   0.1626   0.1141    1.42   0.000      183.5   0.0822   (440s)\n"}
,{"stream_name":"stdout","time":2257.260812238,"data":" 2.35    1.034     21.15   0.00011 0.00053 0.00127 0.00329 0.00617 0.01570 0.10211 0.35519   0.000   0.1597   0.1143    1.40   0.000      183.6   0.0820   (449s)\n"}
,{"stream_name":"stdout","time":2266.331239342,"data":" 2.40    1.038     21.42   0.00011 0.00052 0.00122 0.00322 0.00615 0.01572 0.10330 0.35559   0.000   0.1591   0.1131    1.41   0.000      188.1   0.0816   (458s)\n"}
,{"stream_name":"stdout","time":2275.400837786,"data":" 2.45    1.041     21.76   0.00012 0.00051 0.00118 0.00316 0.00617 0.01578 0.10456 0.35531   0.000   0.1605   0.1081    1.48   0.000      185.9   0.0812   (467s)\n"}
,{"stream_name":"stdout","time":2284.47043386,"data":" 2.50    1.045     21.99   0.00012 0.00050 0.00113 0.00312 0.00622 0.01588 0.10590 0.35441   0.000   0.1589   0.1018    1.56   0.000      182.5   0.0807   (476s)\n"}
,{"stream_name":"stdout","time":2293.541155107,"data":" 2.55    1.049     22.11   0.00011 0.00048 0.00108 0.00311 0.00630 0.01604 0.10733 0.35293   0.000   0.1577   0.0971    1.63   0.000      182.0   0.0801   (485s)\n"}
,{"stream_name":"stdout","time":2302.611853512,"data":" 2.60    1.053     22.33   0.00011 0.00046 0.00104 0.00313 0.00642 0.01626 0.10883 0.35093   0.000   0.1562   0.0922    1.69   0.000      187.2   0.0795   (494s)\n"}
,{"stream_name":"stdout","time":2311.681293278,"data":" 2.65    1.058     22.59   0.00011 0.00044 0.00100 0.00316 0.00656 0.01656 0.11039 0.34847   0.000   0.1585   0.0910    1.74   0.000      193.5   0.0788   (503s)\n"}
,{"stream_name":"stdout","time":2320.750464922,"data":" 2.70    1.062     22.73   0.00010 0.00042 0.00098 0.00322 0.00673 0.01694 0.11200 0.34560   0.000   0.1596   0.0905    1.76   0.000      191.7   0.0781   (512s)\n"}
,{"stream_name":"stdout","time":2329.820731609,"data":" 2.75    1.067     22.75   0.00010 0.00040 0.00096 0.00330 0.00692 0.01741 0.11360 0.34238   0.000   0.1607   0.0877    1.83   0.000      191.9   0.0774   (521s)\n"}
,{"stream_name":"stdout","time":2338.891775091,"data":" 2.80    1.072     22.95   0.00010 0.00038 0.00094 0.00339 0.00714 0.01797 0.11516 0.33889   0.001   0.1592   0.0870    1.83   0.000      201.0   0.0767   (530s)\n"}
,{"stream_name":"stdout","time":2347.963267324,"data":" 2.85    1.077     23.12   0.00009 0.00036 0.00093 0.00349 0.00738 0.01865 0.11665 0.33515   0.002   0.1609   0.0892    1.80   0.000      203.5   0.0761   (539s)\n"}
,{"stream_name":"stdout","time":2357.034136392,"data":" 2.90    1.082     23.17   0.00008 0.00034 0.00094 0.00361 0.00764 0.01943 0.11804 0.33122   0.004   0.1605   0.0901    1.78   0.000      196.8   0.0755   (548s)\n"}
,{"stream_name":"stdout","time":2366.105802662,"data":" 2.95    1.087     23.10   0.00008 0.00033 0.00094 0.00374 0.00791 0.02032 0.11930 0.32714   0.005   0.1610   0.0936    1.72   0.000      199.4   0.0750   (558s)\n"}
,{"stream_name":"stdout","time":2375.177135593,"data":" 3.00    1.092     23.28   0.00007 0.00032 0.00096 0.00388 0.00822 0.02132 0.12042 0.32291   0.004   0.1619   0.0915    1.77   0.000      205.6   0.0746   (567s)\n"}
,{"stream_name":"stdout","time":2384.2477146,"data":" 3.05    1.097     23.35   0.00007 0.00032 0.00098 0.00402 0.00854 0.02242 0.12142 0.31856   0.003   0.1634   0.0913    1.79   0.000      204.6   0.0742   (576s)\n"}
,{"stream_name":"stdout","time":2393.3190601,"data":" 3.10    1.103     23.31   0.00007 0.00032 0.00101 0.00418 0.00889 0.02360 0.12232 0.31410   0.003   0.1645   0.0911    1.81   0.000      205.6   0.0738   (585s)\n"}
,{"stream_name":"stdout","time":2402.389679524,"data":" 3.15    1.108     23.21   0.00006 0.00032 0.00104 0.00435 0.00927 0.02484 0.12314 0.30953   0.003   0.1644   0.0938    1.75   0.000      207.2   0.0734   (594s)\n"}
,{"stream_name":"stdout","time":2411.460547496,"data":" 3.20    1.113     23.31   0.00006 0.00032 0.00108 0.00452 0.00969 0.02613 0.12392 0.30485   0.003   0.1644   0.0956    1.72   0.071      209.2   0.0731   (603s)\n"}
,{"stream_name":"stdout","time":2420.531776948,"data":" 3.25    1.119     23.30   0.00006 0.00033 0.00113 0.00471 0.01014 0.02744 0.12468 0.30006   0.003   0.1674   0.0942    1.78   0.154      208.9   0.0727   (612s)\n"}
,{"stream_name":"stdout","time":2429.603706246,"data":" 3.30    1.124     23.16   0.00006 0.00034 0.00117 0.00490 0.01062 0.02875 0.12545 0.29516   0.004   0.1659   0.0941    1.76   0.158      205.2   0.0724   (621s)\n"}
,{"stream_name":"stdout","time":2438.67429615,"data":" 3.35    1.129     23.07   0.00005 0.00036 0.00123 0.00511 0.01114 0.03005 0.12623 0.29014   0.007   0.1646   0.0935    1.76   0.114      205.4   0.0722   (630s)\n"}
,{"stream_name":"stdout","time":2447.745006259,"data":" 3.40    1.135     23.07   0.00005 0.00037 0.00128 0.00532 0.01169 0.03135 0.12701 0.28503   0.009   0.1663   0.0937    1.77   0.087      206.3   0.0721   (639s)\n"}
,{"stream_name":"stdout","time":2456.843462523,"data":" 3.45    1.140     22.96   0.00006 0.00038 0.00133 0.00555 0.01227 0.03265 0.12778 0.27983   0.011   0.1671   0.0935    1.79   0.138      213.0   0.0722   (648s)\n"}
,{"stream_name":"stdout","time":2465.916059766,"data":" 3.50    1.145     22.74   0.00006 0.00040 0.00139 0.00578 0.01287 0.03396 0.12851 0.27456   0.014   0.1651   0.0949    1.74   0.167      180.9   0.0723   (657s)\n"}
,{"stream_name":"stdout","time":2474.987436918,"data":" 3.55    1.150     22.67   0.00006 0.00042 0.00146 0.00603 0.01348 0.03530 0.12918 0.26924   0.016   0.1656   0.0960    1.73   0.136      123.9   0.0726   (666s)\n"}
,{"stream_name":"stdout","time":2484.058201078,"data":" 3.60    1.154     22.58   0.00006 0.00043 0.00152 0.00629 0.01411 0.03670 0.12977 0.26388   0.018   0.1656   0.0957    1.73   0.149      108.5   0.0730   (675s)\n"}
,{"stream_name":"stdout","time":2493.128842606,"data":" 3.65    1.159     22.38   0.00006 0.00045 0.00159 0.00656 0.01476 0.03816 0.13023 0.25853   0.020   0.1657   0.0981    1.69   0.172      101.2   0.0734   (685s)\n"}
,{"stream_name":"stdout","time":2502.199467219,"data":" 3.70    1.163     22.14   0.00006 0.00047 0.00167 0.00684 0.01542 0.03972 0.13056 0.25319   0.023   0.1648   0.1011    1.63   0.154       90.7   0.0738   (694s)\n"}
,{"stream_name":"stdout","time":2511.26942254,"data":" 3.75    1.167     22.06   0.00006 0.00050 0.00175 0.00713 0.01610 0.04137 0.13072 0.24791   0.025   0.1646   0.1011    1.63   0.159       83.9   0.0742   (703s)\n"}
,{"stream_name":"stdout","time":2520.340726249,"data":" 3.80    1.171     22.22   0.00006 0.00053 0.00184 0.00743 0.01680 0.04312 0.13070 0.24271   0.026   0.1656   0.1012    1.64   0.161       83.3   0.0746   (712s)\n"}
,{"stream_name":"stdout","time":2529.411422109,"data":" 3.85    1.175     22.30   0.00007 0.00056 0.00194 0.00774 0.01754 0.04497 0.13050 0.23760   0.026   0.1650   0.1029    1.60   0.151       80.9   0.0749   (721s)\n"}
,{"stream_name":"stdout","time":2538.482287575,"data":" 3.90    1.178     22.25   0.00007 0.00060 0.00204 0.00807 0.01833 0.04692 0.13010 0.23260   0.028   0.1663   0.1035    1.61   0.176       78.6   0.0752   (730s)\n"}
,{"stream_name":"stdout","time":2547.553176849,"data":" 3.95    1.181     22.44   0.00008 0.00064 0.00214 0.00842 0.01917 0.04895 0.12952 0.22774   0.028   0.1664   0.1049    1.59   0.170       76.1   0.0753   (739s)\n"}
,{"stream_name":"stdout","time":2556.625468975,"data":" 4.00    1.184     22.45   0.00008 0.00068 0.00225 0.00878 0.02009 0.05105 0.12875 0.22302   0.030   0.1665   0.1063    1.57   0.144       82.4   0.0754   (748s)\n"}
,{"stream_name":"stdout","time":2565.696704053,"data":" 4.05    1.187     22.69   0.00009 0.00072 0.00236 0.00916 0.02109 0.05321 0.12782 0.21845   0.032   0.1694   0.1088    1.56   0.145       84.1   0.0754   (757s)\n"}
,{"stream_name":"stdout","time":2574.766703057,"data":" 4.10    1.189     22.78   0.00010 0.00076 0.00247 0.00958 0.02218 0.05541 0.12675 0.21402   0.034   0.1701   0.1093    1.56   0.156       92.3   0.0753   (766s)\n"}
,{"stream_name":"stdout","time":2583.836999911,"data":" 4.15    1.192     22.59   0.00011 0.00081 0.00259 0.01003 0.02339 0.05762 0.12555 0.20975   0.034   0.1680   0.1097    1.53   0.158       88.8   0.0750   (775s)\n"}
,{"stream_name":"stdout","time":2592.907467524,"data":" 4.20    1.194     22.82   0.00011 0.00085 0.00271 0.01052 0.02471 0.05981 0.12424 0.20562   0.036   0.1708   0.1131    1.51   0.133       86.9   0.0747   (784s)\n"}
,{"stream_name":"stdout","time":2601.977259443,"data":" 4.25    1.196     22.88   0.00012 0.00089 0.00283 0.01106 0.02616 0.06196 0.12286 0.20163   0.037   0.1717   0.1168    1.47   0.144       87.7   0.0743   (793s)\n"}
,{"stream_name":"stdout","time":2611.047875477,"data":" 4.30    1.197     22.83   0.00013 0.00093 0.00297 0.01166 0.02776 0.06404 0.12143 0.19778   0.037   0.1714   0.1180    1.45   0.162       99.9   0.0740   (802s)\n"}
,{"stream_name":"stdout","time":2620.118056248,"data":" 4.35    1.199     22.81   0.00013 0.00097 0.00311 0.01232 0.02950 0.06601 0.11997 0.19407   0.040   0.1729   0.1171    1.48   0.157       84.8   0.0736   (812s)\n"}
,{"stream_name":"stdout","time":2629.189206248,"data":" 4.40    1.200     22.70   0.00014 0.00101 0.00326 0.01306 0.03140 0.06786 0.11850 0.19047   0.045   0.1722   0.1213    1.42   0.142       71.0   0.0732   (821s)\n"}
,{"stream_name":"stdout","time":2638.260954828,"data":" 4.45    1.201     22.89   0.00015 0.00106 0.00342 0.01388 0.03346 0.06955 0.11703 0.18701   0.044   0.1748   0.1213    1.44   0.151       83.1   0.0728   (830s)\n"}
,{"stream_name":"stdout","time":2647.331719126,"data":" 4.50    1.202     22.88   0.00016 0.00111 0.00360 0.01480 0.03567 0.07106 0.11557 0.18366   0.049   0.1739   0.1146    1.52   0.158       73.0   0.0724   (839s)\n"}
,{"stream_name":"stdout","time":2656.402566091,"data":" 4.55    1.203     22.64   0.00017 0.00117 0.00381 0.01584 0.03802 0.07239 0.11413 0.18043   0.055   0.1735   0.1140    1.52   0.156       66.1   0.0720   (848s)\n"}
,{"stream_name":"stdout","time":2665.473683868,"data":" 4.60    1.204     22.77   0.00017 0.00124 0.00404 0.01701 0.04050 0.07351 0.11273 0.17733   0.056   0.1759   0.1136    1.55   0.156       69.1   0.0717   (857s)\n"}
,{"stream_name":"stdout","time":2674.544243479,"data":" 4.65    1.204     22.70   0.00019 0.00131 0.00430 0.01831 0.04309 0.07443 0.11137 0.17436   0.060   0.1754   0.1080    1.62   0.157       63.6   0.0713   (866s)\n"}
,{"stream_name":"stdout","time":2683.615625275,"data":" 4.70    1.204     22.50   0.00020 0.00140 0.00459 0.01978 0.04576 0.07517 0.11005 0.17153   0.065   0.1753   0.1089    1.61   0.180       61.3   0.0710   (875s)\n"}
,{"stream_name":"stdout","time":2692.686830191,"data":" 4.75    1.204     22.51   0.00022 0.00150 0.00493 0.02141 0.04848 0.07571 0.10877 0.16883   0.068   0.1767   0.1116    1.58   0.177       58.5   0.0707   (884s)\n"}
,{"stream_name":"stdout","time":2701.757300232,"data":" 4.80    1.204     22.35   0.00024 0.00161 0.00532 0.02323 0.05121 0.07609 0.10754 0.16627   0.074   0.1765   0.1081    1.63   0.186       54.6   0.0704   (893s)\n"}
,{"stream_name":"stdout","time":2710.826906391,"data":" 4.85    1.204     22.33   0.00025 0.00174 0.00578 0.02524 0.05391 0.07631 0.10637 0.16385   0.076   0.1761   0.1091    1.61   0.200       57.2   0.0701   (902s)\n"}
,{"stream_name":"stdout","time":2719.897377188,"data":" 4.90    1.204     22.16   0.00028 0.00189 0.00630 0.02744 0.05653 0.07641 0.10524 0.16156   0.084   0.1762   0.1127    1.56   0.189       54.8   0.0698   (911s)\n"}
,{"stream_name":"stdout","time":2728.967389198,"data":" 4.95    1.203     22.06   0.00031 0.00206 0.00691 0.02982 0.05902 0.07639 0.10416 0.15939   0.091   0.1759   0.1128    1.56   0.204       55.6   0.0695   (920s)\n"}
,{"stream_name":"stdout","time":2738.037821951,"data":" 5.00    1.202     22.03   0.00034 0.00226 0.00761 0.03239 0.06135 0.07629 0.10314 0.15735   0.094   0.1768   0.1139    1.55   0.209       56.6   0.0692   (929s)\n"}
,{"stream_name":"stdout","time":2747.108622255,"data":" 5.05    1.201     21.73   0.00037 0.00250 0.00843 0.03510 0.06347 0.07612 0.10217 0.15541   0.100   0.1758   0.1155    1.52   0.226       58.3   0.0689   (939s)\n"}
,{"stream_name":"stdout","time":2756.179882443,"data":" 5.10    1.200     21.79   0.00041 0.00277 0.00937 0.03793 0.06535 0.07593 0.10126 0.15357   0.109   0.1760   0.1213    1.45   0.232       61.5   0.0686   (948s)\n"}
,{"stream_name":"stdout","time":2765.250769352,"data":" 5.15    1.199     21.58   0.00046 0.00310 0.01045 0.04084 0.06699 0.07572 0.10041 0.15183   0.113   0.1758   0.1145    1.53   0.239       61.4   0.0683   (957s)\n"}
,{"stream_name":"stdout","time":2774.321623601,"data":" 5.20    1.197     21.46   0.00051 0.00348 0.01168 0.04377 0.06836 0.07552 0.09963 0.15016   0.122   0.1769   0.1183    1.50   0.240       62.5   0.0679   (966s)\n"}
,{"stream_name":"stdout","time":2783.391886204,"data":" 5.25    1.195     21.43   0.00058 0.00393 0.01307 0.04668 0.06949 0.07537 0.09892 0.14856   0.128   0.1775   0.1151    1.54   0.250       66.5   0.0675   (975s)\n"}
,{"stream_name":"stdout","time":2792.463140626,"data":" 5.30    1.193     21.11   0.00066 0.00445 0.01462 0.04952 0.07039 0.07527 0.09830 0.14703   0.135   0.1760   0.1117    1.58   0.263       68.0   0.0672   (984s)\n"}
,{"stream_name":"stdout","time":2801.534320327,"data":" 5.35    1.191     21.13   0.00076 0.00506 0.01634 0.05223 0.07109 0.07525 0.09777 0.14554   0.143   0.1784   0.1151    1.55   0.256       70.8   0.0669   (993s)\n"}
,{"stream_name":"stdout","time":2810.604644259,"data":" 5.40    1.188     20.90   0.00087 0.00576 0.01821 0.05479 0.07165 0.07532 0.09733 0.14408   0.146   0.1796   0.1096    1.64   0.267       73.7   0.0666   (1002s)\n"}
,{"stream_name":"stdout","time":2819.675381451,"data":" 5.45    1.186     20.86   0.00101 0.00657 0.02021 0.05715 0.07210 0.07549 0.09701 0.14264   0.154   0.1793   0.1066    1.68   0.273       76.4   0.0663   (1011s)\n"}
,{"stream_name":"stdout","time":2828.746685745,"data":" 5.50    1.183     21.07   0.00118 0.00748 0.02234 0.05932 0.07250 0.07579 0.09680 0.14122   0.158   0.1832   0.1088    1.68   0.292       77.5   0.0662   (1020s)\n"}
,{"stream_name":"stdout","time":2837.816439662,"data":" 5.55    1.180     21.03   0.00138 0.00848 0.02454 0.06127 0.07288 0.07620 0.09671 0.13978   0.166   0.1865   0.1035    1.80   0.287       78.0   0.0661   (1029s)\n"}
,{"stream_name":"stdout","time":2846.887036904,"data":" 5.60    1.176     21.09   0.00160 0.00958 0.02680 0.06304 0.07331 0.07676 0.09674 0.13834   0.171   0.1896   0.1046    1.81   0.302       86.1   0.0660   (1038s)\n"}
,{"stream_name":"stdout","time":2855.957749271,"data":" 5.65    1.173     21.18   0.00186 0.01075 0.02907 0.06464 0.07380 0.07745 0.09690 0.13688   0.177   0.1927   0.0989    1.95   0.306       89.2   0.0661   (1047s)\n"}
,{"stream_name":"stdout","time":2865.029143824,"data":" 5.70    1.169     21.08   0.00215 0.01198 0.03133 0.06610 0.07441 0.07830 0.09718 0.13538   0.185   0.1951   0.0924    2.11   0.315       88.3   0.0662   (1056s)\n"}
,{"stream_name":"stdout","time":2874.101300449,"data":" 5.75    1.165     21.10   0.00245 0.01325 0.03353 0.06748 0.07516 0.07929 0.09759 0.13387   0.189   0.1996   0.0948    2.10   0.333       95.4   0.0663   (1066s)\n"}
,{"stream_name":"stdout","time":2883.172403943,"data":" 5.80    1.161     21.02   0.00278 0.01453 0.03565 0.06879 0.07605 0.08046 0.09811 0.13232   0.194   0.2000   0.0898    2.23   0.326       98.8   0.0665   (1075s)\n"}
,{"stream_name":"stdout","time":2892.244705816,"data":" 5.85    1.157     20.95   0.00311 0.01579 0.03767 0.07010 0.07712 0.08179 0.09874 0.13075   0.196   0.2032   0.0910    2.23   0.353      104.0   0.0666   (1084s)\n"}
,{"stream_name":"stdout","time":2901.316443803,"data":" 5.90    1.152     20.90   0.00344 0.01701 0.03958 0.07143 0.07837 0.08331 0.09946 0.12916   0.204   0.2055   0.0908    2.26   0.346      106.7   0.0668   (1093s)\n"}
,{"stream_name":"stdout","time":2910.387962456,"data":" 5.95    1.147     20.67   0.00376 0.01818 0.04137 0.07282 0.07980 0.08502 0.10026 0.12756   0.207   0.2052   0.0911    2.25   0.362      105.2   0.0670   (1102s)\n"}
,{"stream_name":"stdout","time":2919.459610179,"data":" 6.00    1.142     20.55   0.00407 0.01926 0.04304 0.07427 0.08140 0.08692 0.10113 0.12595   0.213   0.2088   0.0901    2.32   0.347      108.1   0.0672   (1111s)\n"}
,{"stream_name":"stdout","time":2919.46070293,"data":"\n"}
,{"stream_name":"stdout","time":2919.460729977,"data":"C22 descent: separation -\u003e peak twist, peak time (clock expires at t = 6.00)\n"}
,{"stream_name":"stdout","time":2919.460737837,"data":"   sep 0.05   peak 0.00407 at t = 6.00   (at the clock: not a peak)\n"}
,{"stream_name":"stdout","time":2919.460744037,"data":"   sep 0.07   peak 0.01926 at t = 6.00   (at the clock: not a peak)\n"}
,{"stream_name":"stdout","time":2919.460749972,"data":"   sep 0.10   peak 0.04304 at t = 6.00   (at the clock: not a peak)\n"}
,{"stream_name":"stdout","time":2919.460755783,"data":"   sep 0.14   peak 0.07427 at t = 6.00   (at the clock: not a peak)\n"}
,{"stream_name":"stdout","time":2919.460761648,"data":"   sep 0.20   peak 0.08140 at t = 6.00   (at the clock: not a peak)\n"}
,{"stream_name":"stdout","time":2919.460767938,"data":"   sep 0.28   peak 0.08692 at t = 6.00   (at the clock: not a peak)\n"}
,{"stream_name":"stdout","time":2919.4607739,"data":"   sep 0.40   peak 0.13072 at t = 3.75\n"}
,{"stream_name":"stdout","time":2919.461110915,"data":"   sep 0.56   peak 0.35559 at t = 2.40\n"}
,{"stream_name":"stdout","time":2919.461135063,"data":"\n"}
,{"stream_name":"stdout","time":2919.461153067,"data":"clock expires at t = 6.00 (delta 0.0672); strong twist peak 0.04304 at t = 6.00, at the clock 0.04304 (fall 0%); max|w| growth to the clock 1.69x\n"}
,{"stream_name":"stdout","time":2919.461173542,"data":"race variable ell/ell_nu min inside the clock = 0.46 (at t = 0.25); cut fraction at the clock 0.347\n"}
,{"stream_name":"stdout","time":2919.46118131,"data":"C21: Re_seam at the twist peak (t = 6.00) = 108.1; twist peak 0.04304; max|w| at the peak 20.6\n"}
,{"stream_name":"stdout","time":2919.461202315,"data":"REGISTERED C20 at nu=0.002: KILL: the twist is still rising at the clock with the viscous scale resolved\n"}
,{"stream_name":"stdout","time":2919.984535982,"data":"=== IC=pair NU=1e-3 T=6 -\u003e /kaggle/working/seam_ICpair_NU1e-3_T6.txt\n"}
,{"stream_name":"stdout","time":2922.530615549,"data":"seam race on GPU: IC=pair  N=256^3  nu=0.001  T=6.0  Z0=0.375  clock 2dx=0.0491  device=cuda\n"}
,{"stream_name":"stdout","time":2923.261259649,"data":"   t     Z/Z0    max|w|   twist@0.05 @0.07 @0.1 @0.14 @0.2 @0.28 @0.4 @0.56   anti    ell     ell_nu   race   cut    Re_seam   delta\n"}
,{"stream_name":"stdout","time":2923.261314585,"data":" 0.00    1.000     12.18   0.00001 0.00005 0.00025 0.00182 0.00677 0.02499 0.08353 0.15794   0.000   0.2461   31622.7767     nan   0.000      505.2   0.0186  \u003c-- past the clock   (1s)\n"}
,{"stream_name":"stdout","time":2934.744839635,"data":" 0.05    0.997     12.13   0.00001 0.00005 0.00024 0.00177 0.00662 0.02454 0.08253 0.15677   0.000   0.2461   0.2522    0.98   0.000      507.5   0.0235  \u003c-- past the clock   (12s)\n"}
,{"stream_name":"stdout","time":2946.222515716,"data":" 0.10    0.994     12.10   0.00001 0.00005 0.00022 0.00166 0.00626 0.02347 0.08008 0.15349   0.000   0.2470   0.1987    1.24   0.000      505.9   0.0642   (24s)\n"}
,{"stream_name":"stdout","time":2957.698119493,"data":" 0.15    0.991     12.03   0.00000 0.00004 0.00020 0.00151 0.00576 0.02197 0.07657 0.14864   0.000   0.2478   0.1981    1.25   0.000      505.8   0.1287   (35s)\n"}
,{"stream_name":"stdout","time":2969.173265313,"data":" 0.20    0.988     11.98   0.00000 0.00004 0.00018 0.00135 0.00520 0.02024 0.07247 0.14290   0.000   0.2492   0.2256    1.10   0.000      506.6   0.1662   (47s)\n"}
,{"stream_name":"stdout","time":2980.648359536,"data":" 0.25    0.985     11.90   0.00000 0.00004 0.00016 0.00119 0.00465 0.01849 0.06822 0.13688   0.000   0.2508   0.4341    0.58   0.000      507.4   0.1576   (58s)\n"}
,{"stream_name":"stdout","time":2992.125486671,"data":" 0.30    0.983     11.82   0.00000 0.00003 0.00014 0.00105 0.00413 0.01684 0.06419 0.13102   0.000   0.2533   31622.7767     nan   0.000      513.1   0.1388   (70s)\n"}
,{"stream_name":"stdout","time":3002.399035986,"data":" 0.35    0.980     11.74   0.00000 0.00003 0.00012 0.00092 0.00368 0.01538 0.06060 0.12564   0.000   0.2566   31622.7767     nan   0.000      517.7   0.1237   (80s)\n"}
,{"stream_name":"stdout","time":3012.674572125,"data":" 0.40    0.978     11.67   0.00000 0.00002 0.00010 0.00081 0.00329 0.01411 0.05759 0.12096   0.000   0.2605   31622.7767     nan   0.000      525.1   0.1118   (90s)\n"}
,{"stream_name":"stdout","time":3022.95154258,"data":" 0.45    0.977     11.61   0.00000 0.00002 0.00009 0.00071 0.00296 0.01304 0.05520 0.11714   0.000   0.2654   31622.7767     nan   0.000      539.5   0.1025   (100s)\n"}
,{"stream_name":"stdout","time":3033.227941593,"data":" 0.50    0.976     11.55   0.00000 0.00002 0.00008 0.00063 0.00267 0.01213 0.05339 0.11427   0.000   0.2707   31622.7767     nan   0.000      555.0   0.0950   (111s)\n"}
,{"stream_name":"stdout","time":3043.505672355,"data":" 0.55    0.976     11.49   0.00000 0.00002 0.00007 0.00057 0.00243 0.01136 0.05208 0.11245   0.000   0.2761   31622.7767     nan   0.000      571.1   0.0890   (121s)\n"}
,{"stream_name":"stdout","time":3053.784746056,"data":" 0.60    0.978     11.41   0.00000 0.00001 0.00006 0.00051 0.00222 0.01071 0.05121 0.11175   0.000   0.2801   31622.7767     nan   0.000      579.0   0.0841   (131s)\n"}
,{"stream_name":"stdout","time":3064.062393005,"data":" 0.65    0.980     11.35   0.00000 0.00001 0.00006 0.00046 0.00206 0.01017 0.05067 0.11220   0.000   0.2840   31622.7767     nan   0.000      588.5   0.0803   (142s)\n"}
,{"stream_name":"stdout","time":3073.132800047,"data":" 0.70    0.983     11.30   0.00000 0.00001 0.00005 0.00043 0.00193 0.00973 0.05039 0.11383   0.000   0.2863   31622.7767     nan   0.000      598.8   0.0772   (151s)\n"}
,{"stream_name":"stdout","time":3082.202285833,"data":" 0.75    0.988     11.23   0.00000 0.00001 0.00005 0.00041 0.00184 0.00939 0.05031 0.11667   0.000   0.2870   31622.7767     nan   0.000      602.2   0.0747   (160s)\n"}
,{"stream_name":"stdout","time":3091.271200416,"data":" 0.80    0.993     11.14   0.00000 0.00001 0.00005 0.00039 0.00178 0.00915 0.05041 0.12067   0.000   0.2882   31622.7767     nan   0.000      599.5   0.0728   (169s)\n"}
,{"stream_name":"stdout","time":3100.339313944,"data":" 0.85    1.000     11.09   0.00000 0.00001 0.00005 0.00039 0.00176 0.00902 0.05065 0.12578   0.000   0.2887   31622.7767     nan   0.000      602.4   0.0711   (178s)\n"}
,{"stream_name":"stdout","time":3109.408186857,"data":" 0.90    1.007     11.46   0.00000 0.00001 0.00005 0.00040 0.00177 0.00900 0.05104 0.13194   0.000   0.2966   31622.7767     nan   0.000      647.9   0.0698   (187s)\n"}
,{"stream_name":"stdout","time":3118.474702726,"data":" 0.95    1.015     11.91   0.00000 0.00002 0.00006 0.00042 0.00183 0.00910 0.05158 0.13904   0.000   0.3053   31622.7767     nan   0.000      702.3   0.0687   (196s)\n"}
,{"stream_name":"stdout","time":3127.543452083,"data":" 1.00    1.023     12.38   0.00000 0.00002 0.00006 0.00045 0.00193 0.00931 0.05228 0.14701   0.000   0.3157   31622.7767     nan   0.000      764.5   0.0678   (205s)\n"}
,{"stream_name":"stdout","time":3136.611290231,"data":" 1.05    1.032     12.93   0.00000 0.00002 0.00007 0.00050 0.00209 0.00963 0.05314 0.15575   0.000   0.3278   31622.7767     nan   0.000      841.7   0.0671   (214s)\n"}
,{"stream_name":"stdout","time":3145.677364438,"data":" 1.10    1.041     13.46   0.00000 0.00002 0.00008 0.00057 0.00234 0.01005 0.05418 0.16520   0.000   0.3415   31622.7767     nan   0.000      933.8   0.0665   (223s)\n"}
,{"stream_name":"stdout","time":3154.744785671,"data":" 1.15    1.051     14.07   0.00000 0.00003 0.00009 0.00069 0.00267 0.01055 0.05540 0.17532   0.000   0.3658   31622.7767     nan   0.000     1115.5   0.0661   (232s)\n"}
,{"stream_name":"stdout","time":3163.811629955,"data":" 1.20    1.062     14.66   0.00000 0.00003 0.00011 0.00087 0.00310 0.01110 0.05681 0.18605   0.000   0.3888   31622.7767     nan   0.000     1301.8   0.0658   (241s)\n"}
,{"stream_name":"stdout","time":3172.877627841,"data":" 1.25    1.072     15.24   0.00001 0.00003 0.00014 0.00112 0.00361 0.01167 0.05843 0.19736   0.000   0.4114   0.2189    1.88   0.000     1495.6   0.0655   (250s)\n"}
,{"stream_name":"stdout","time":3181.944219555,"data":" 1.30    1.083     15.91   0.00001 0.00004 0.00019 0.00142 0.00420 0.01223 0.06027 0.20922   0.000   0.4258   0.1317    3.23   0.000     1657.0   0.0654   (259s)\n"}
,{"stream_name":"stdout","time":3191.010232684,"data":" 1.35    1.094     16.50   0.00001 0.00005 0.00025 0.00180 0.00482 0.01275 0.06235 0.22152   0.000   0.4262   0.0994    4.29   0.000     1697.1   0.0652   (268s)\n"}
,{"stream_name":"stdout","time":3200.07550293,"data":" 1.40    1.106     17.04   0.00001 0.00006 0.00034 0.00222 0.00546 0.01320 0.06470 0.23408   0.000   0.3888   0.0858    4.53   0.000     1472.7   0.0651   (278s)\n"}
,{"stream_name":"stdout","time":3209.141576183,"data":" 1.45    1.117     17.75   0.00001 0.00008 0.00045 0.00269 0.00607 0.01358 0.06731 0.24663   0.000   0.2563   0.0708    3.62   0.000      764.2   0.0650   (287s)\n"}
,{"stream_name":"stdout","time":3218.208478745,"data":" 1.50    1.129     18.49   0.00001 0.00011 0.00057 0.00317 0.00661 0.01387 0.07019 0.25884   0.000   0.1906   0.0662    2.88   0.000      452.5   0.0649   (296s)\n"}
,{"stream_name":"stdout","time":3227.274777643,"data":" 1.55    1.141     19.19   0.00001 0.00014 0.00072 0.00365 0.00706 0.01408 0.07329 0.27045   0.000   0.1691   0.0654    2.59   0.000      356.1   0.0648   (305s)\n"}
,{"stream_name":"stdout","time":3236.341581191,"data":" 1.60    1.153     19.83   0.00002 0.00019 0.00088 0.00410 0.00741 0.01421 0.07657 0.28121   0.000   0.1623   0.0690    2.35   0.000      348.5   0.0647   (314s)\n"}
,{"stream_name":"stdout","time":3245.408957748,"data":" 1.65    1.165     20.48   0.00002 0.00024 0.00106 0.00449 0.00764 0.01429 0.07993 0.29100   0.000   0.1569   0.0651    2.41   0.000      335.8   0.0645   (323s)\n"}
,{"stream_name":"stdout","time":3254.476106489,"data":" 1.70    1.178     21.25   0.00003 0.00030 0.00124 0.00481 0.00776 0.01432 0.08324 0.29972   0.000   0.1513   0.0696    2.17   0.000      324.6   0.0642   (332s)\n"}
,{"stream_name":"stdout","time":3263.542470889,"data":" 1.75    1.190     22.00   0.00004 0.00037 0.00143 0.00504 0.00777 0.01431 0.08635 0.30736   0.000   0.1472   0.0747    1.97   0.000      328.3   0.0638   (341s)\n"}
,{"stream_name":"stdout","time":3272.610078625,"data":" 1.80    1.202     22.71   0.00005 0.00045 0.00162 0.00517 0.00770 0.01427 0.08910 0.31396   0.000   0.1456   0.0845    1.72   0.000      323.6   0.0633   (350s)\n"}
,{"stream_name":"stdout","time":3281.67582003,"data":" 1.85    1.215     23.37   0.00007 0.00054 0.00178 0.00520 0.00758 0.01421 0.09136 0.31957   0.000   0.1433   0.1009    1.42   0.000      324.1   0.0627   (359s)\n"}
,{"stream_name":"stdout","time":3290.742139932,"data":" 1.90    1.227     23.96   0.00009 0.00063 0.00192 0.00516 0.00742 0.01412 0.09309 0.32426   0.000   0.1406   0.1167    1.21   0.000      327.7   0.0620   (368s)\n"}
,{"stream_name":"stdout","time":3299.808197927,"data":" 1.95    1.240     24.63   0.00011 0.00072 0.00202 0.00505 0.00726 0.01401 0.09431 0.32807   0.000   0.1360   0.1103    1.23   0.000      319.6   0.0614   (377s)\n"}
,{"stream_name":"stdout","time":3310.079143949,"data":" 2.00    1.253     25.42   0.00014 0.00080 0.00208 0.00491 0.00709 0.01390 0.09510 0.33102   0.000   0.1351   0.1137    1.19   0.000      312.3   0.0609   (388s)\n"}
,{"stream_name":"stdout","time":3320.350405955,"data":" 2.05    1.266     26.10   0.00017 0.00087 0.00209 0.00475 0.00694 0.01381 0.09558 0.33309   0.000   0.1324   0.1113    1.19   0.000      309.8   0.0606   (398s)\n"}
,{"stream_name":"stdout","time":3330.619820217,"data":" 2.10    1.279     26.65   0.00021 0.00092 0.00206 0.00460 0.00680 0.01375 0.09587 0.33425   0.000   0.1318   0.1002    1.32   0.000      314.3   0.0603   (408s)\n"}
,{"stream_name":"stdout","time":3340.891570774,"data":" 2.15    1.292     27.05   0.00024 0.00095 0.00200 0.00446 0.00669 0.01373 0.09610 0.33448   0.000   0.1296   0.0783    1.65   0.000      315.2   0.0599   (418s)\n"}
,{"stream_name":"stdout","time":3351.165758424,"data":" 2.20    1.306     27.79   0.00027 0.00097 0.00192 0.00435 0.00660 0.01376 0.09638 0.33379   0.000   0.1298   0.0726    1.79   0.000      325.4   0.0595   (429s)\n"}
,{"stream_name":"stdout","time":3361.439262785,"data":" 2.25    1.320     28.42   0.00030 0.00096 0.00184 0.00426 0.00655 0.01385 0.09681 0.33221   0.000   0.1302   0.0689    1.89   0.000      334.0   0.0588   (439s)\n"}
,{"stream_name":"stdout","time":3371.714130948,"data":" 2.30    1.334     28.91   0.00032 0.00093 0.00175 0.00419 0.00653 0.01399 0.09743 0.32982   0.000   0.1335   0.0650    2.05   0.000      358.8   0.0581   (449s)\n"}
,{"stream_name":"stdout","time":3381.98966065,"data":" 2.35    1.349     29.25   0.00033 0.00090 0.00166 0.00414 0.00655 0.01418 0.09827 0.32673   0.000   0.1364   0.0600    2.27   0.000      363.9   0.0572   (459s)\n"}
,{"stream_name":"stdout","time":3392.264505105,"data":" 2.40    1.364     29.46   0.00033 0.00086 0.00159 0.00410 0.00660 0.01444 0.09930 0.32305   0.000   0.1358   0.0602    2.26   0.000      361.2   0.0564   (470s)\n"}
,{"stream_name":"stdout","time":3402.541561366,"data":" 2.45    1.380     29.94   0.00033 0.00082 0.00153 0.00407 0.00670 0.01476 0.10044 0.31888   0.000   0.1382   0.0591    2.34   0.000      390.3   0.0559   (480s)\n"}
,{"stream_name":"stdout","time":3412.817755753,"data":" 2.50    1.395     30.31   0.00032 0.00077 0.00148 0.00406 0.00683 0.01516 0.10158 0.31429   0.000   0.1411   0.0621    2.27   0.000      414.5   0.0556   (490s)\n"}
,{"stream_name":"stdout","time":3423.097029364,"data":" 2.55    1.411     30.52   0.00031 0.00074 0.00144 0.00406 0.00699 0.01568 0.10264 0.30933   0.001   0.1448   0.0609    2.38   0.000      435.9   0.0555   (501s)\n"}
,{"stream_name":"stdout","time":3433.37518563,"data":" 2.60    1.427     30.56   0.00029 0.00070 0.00142 0.00407 0.00718 0.01635 0.10353 0.30402   0.002   0.1478   0.0629    2.35   0.000      436.5   0.0556   (511s)\n"}
,{"stream_name":"stdout","time":3443.653932265,"data":" 2.65    1.444     30.46   0.00028 0.00068 0.00140 0.00411 0.00740 0.01719 0.10427 0.29836   0.004   0.1463   0.0593    2.47   0.000      424.1   0.0556   (521s)\n"}
,{"stream_name":"stdout","time":3453.932915988,"data":" 2.70    1.460     30.64   0.00026 0.00066 0.00140 0.00418 0.00767 0.01825 0.10493 0.29230   0.008   0.1462   0.0591    2.47   0.000      409.8   0.0555   (531s)\n"}
,{"stream_name":"stdout","time":3464.235000262,"data":" 2.75    1.477     30.62   0.00025 0.00065 0.00141 0.00427 0.00798 0.01952 0.10569 0.28580   0.011   0.1465   0.0623    2.35   0.029      816.4   0.0553   (542s)\n"}
,{"stream_name":"stdout","time":3474.514610577,"data":" 2.80    1.495     30.42   0.00024 0.00065 0.00143 0.00440 0.00835 0.02099 0.10671 0.27879   0.012   0.1469   0.0586    2.50   0.026      572.1   0.0550   (552s)\n"}
,{"stream_name":"stdout","time":3484.795264408,"data":" 2.85    1.512     30.17   0.00024 0.00066 0.00146 0.00457 0.00879 0.02257 0.10813 0.27127   0.013   0.1496   0.0593    2.52   0.044      339.1   0.0547   (562s)\n"}
,{"stream_name":"stdout","time":3495.07521974,"data":" 2.90    1.530     30.23   0.00024 0.00067 0.00151 0.00479 0.00934 0.02415 0.10996 0.26323   0.013   0.1498   0.0568    2.64   0.082      273.8   0.0545   (573s)\n"}
,{"stream_name":"stdout","time":3505.354331209,"data":" 2.95    1.548     31.24   0.00024 0.00070 0.00158 0.00504 0.01001 0.02566 0.11214 0.25470   0.013   0.1544   0.0560    2.76   0.000      178.2   0.0545   (583s)\n"}
,{"stream_name":"stdout","time":3515.631543391,"data":" 3.00    1.567     31.51   0.00025 0.00073 0.00166 0.00534 0.01081 0.02710 0.11453 0.24577   0.013   0.1597   0.0574    2.78   0.022      128.8   0.0547   (593s)\n"}
,{"stream_name":"stdout","time":3525.909042017,"data":" 3.05    1.586     32.13   0.00026 0.00077 0.00176 0.00569 0.01174 0.02856 0.11694 0.23654   0.014   0.1618   0.0598    2.71   0.021      133.3   0.0551   (603s)\n"}
,{"stream_name":"stdout","time":3536.186725311,"data":" 3.10    1.605     32.78   0.00027 0.00082 0.00188 0.00607 0.01276 0.03016 0.11913 0.22719   0.017   0.1621   0.0551    2.94   0.054      191.6   0.0556   (614s)\n"}
,{"stream_name":"stdout","time":3546.463870375,"data":" 3.15    1.624     32.73   0.00029 0.00088 0.00202 0.00650 0.01381 0.03197 0.12084 0.21788   0.024   0.1617   0.0539    3.00   0.073      388.6   0.0560   (624s)\n"}
,{"stream_name":"stdout","time":3556.740062614,"data":" 3.20    1.644     33.97   0.00031 0.00095 0.00220 0.00697 0.01485 0.03401 0.12183 0.20880   0.022   0.1653   0.0557    2.97   0.087      884.4   0.0564   (634s)\n"}
,{"stream_name":"stdout","time":3567.01516633,"data":" 3.25    1.664     34.60   0.00033 0.00104 0.00240 0.00748 0.01586 0.03628 0.12193 0.20012   0.022   0.1762   0.0596    2.96   0.092     1236.4   0.0566   (644s)\n"}
,{"stream_name":"stdout","time":3577.28942708,"data":" 3.30    1.684     34.62   0.00035 0.00115 0.00264 0.00801 0.01685 0.03877 0.12105 0.19197   0.024   0.1758   0.0585    3.00   0.120     1352.9   0.0565   (655s)\n"}
,{"stream_name":"stdout","time":3587.564241216,"data":" 3.35    1.703     35.63   0.00039 0.00130 0.00289 0.00854 0.01786 0.04146 0.11922 0.18446   0.022   0.1821   0.0575    3.17   0.094     1743.2   0.0562   (665s)\n"}
,{"stream_name":"stdout","time":3597.838399846,"data":" 3.40    1.723     35.67   0.00044 0.00147 0.00315 0.00907 0.01895 0.04433 0.11662 0.17761   0.024   0.1900   0.0605    3.14   0.081     1408.3   0.0557   (675s)\n"}
,{"stream_name":"stdout","time":3608.112173552,"data":" 3.45    1.743     36.27   0.00050 0.00166 0.00339 0.00959 0.02018 0.04727 0.11353 0.17141   0.023   0.1972   0.0631    3.13   0.088     1271.0   0.0550   (686s)\n"}
,{"stream_name":"stdout","time":3618.387404328,"data":" 3.50    1.762     36.69   0.00057 0.00184 0.00362 0.01013 0.02156 0.05016 0.11021 0.16578   0.022   0.2022   0.0699    2.89   0.109     1164.5   0.0541   (696s)\n"}
,{"stream_name":"stdout","time":3628.66066308,"data":" 3.55    1.781     36.73   0.00065 0.00201 0.00383 0.01072 0.02315 0.05281 0.10688 0.16066   0.023   0.2005   0.0731    2.74   0.106      919.6   0.0532   (706s)\n"}
,{"stream_name":"stdout","time":3638.935045991,"data":" 3.60    1.800     37.85   0.00072 0.00216 0.00404 0.01141 0.02497 0.05504 0.10367 0.15593   0.019   0.2162   0.0765    2.83   0.140      856.5   0.0523   (716s)\n"}
,{"stream_name":"stdout","time":3649.207981714,"data":" 3.65    1.819     38.12   0.00075 0.00227 0.00426 0.01223 0.02704 0.05672 0.10065 0.15148   0.021   0.2230   0.0717    3.11   0.125      638.6   0.0516   (727s)\n"}
,{"stream_name":"stdout","time":3660.687395803,"data":" 3.70    1.837     38.43   0.00079 0.00237 0.00451 0.01324 0.02939 0.05779 0.09785 0.14722   0.026   0.2319   0.0678    3.42   0.121      496.8   0.0513   (738s)\n"}
,{"stream_name":"stdout","time":3672.17170728,"data":" 3.75    1.855     39.00   0.00079 0.00244 0.00478 0.01450 0.03199 0.05824 0.09529 0.14314   0.028   0.2385   0.0704    3.39   0.119      609.7   0.0509   (750s)\n"}
,{"stream_name":"stdout","time":3683.659477493,"data":" 3.80    1.873     38.81   0.00078 0.00250 0.00510 0.01609 0.03479 0.05806 0.09296 0.13923   0.032   0.2396   0.0694    3.45   0.087      571.3   0.0509   (761s)\n"}
,{"stream_name":"stdout","time":3695.143321718,"data":" 3.85    1.891     39.46   0.00075 0.00255 0.00550 0.01810 0.03762 0.05726 0.09083 0.13557   0.041   0.2475   0.0695    3.56   0.085      495.3   0.0510   (773s)\n"}
,{"stream_name":"stdout","time":3706.624001948,"data":" 3.90    1.909     39.34   0.00071 0.00262 0.00602 0.02057 0.04029 0.05591 0.08886 0.13221   0.054   0.2453   0.0649    3.78   0.135      315.1   0.0509   (784s)\n"}
,{"stream_name":"stdout","time":3718.101932792,"data":" 3.95    1.926     40.03   0.00069 0.00274 0.00672 0.02354 0.04257 0.05421 0.08703 0.12919   0.064   0.2270   0.0603    3.76   0.108      223.1   0.0511   (796s)\n"}
,{"stream_name":"stdout","time":3729.578686153,"data":" 4.00    1.944     40.49   0.00068 0.00293 0.00771 0.02700 0.04423 0.05237 0.08537 0.12648   0.091   0.1744   0.0677    2.57   0.114      258.9   0.0511   (807s)\n"}
,{"stream_name":"stdout","time":3741.055350853,"data":" 4.05    1.962     39.80   0.00070 0.00325 0.00912 0.03089 0.04506 0.05065 0.08391 0.12406   0.105   0.1772   0.0631    2.81   0.127      257.9   0.0510   (819s)\n"}
,{"stream_name":"stdout","time":3752.533430927,"data":" 4.10    1.980     40.51   0.00075 0.00380 0.01117 0.03501 0.04494 0.04922 0.08270 0.12182   0.153   0.1336   0.0656    2.04   0.130      261.7   0.0509   (830s)\n"}
,{"stream_name":"stdout","time":3764.011982073,"data":" 4.15    1.999     39.64   0.00088 0.00475 0.01415 0.03900 0.04383 0.04823 0.08180 0.11965   0.166   0.1426   0.0659    2.16   0.136      231.5   0.0507   (841s)\n"}
,{"stream_name":"stdout","time":3775.491531278,"data":" 4.20    2.017     39.88   0.00113 0.00636 0.01836 0.04232 0.04191 0.04775 0.08120 0.11749   0.200   0.1319   0.0692    1.91   0.145      280.8   0.0503   (853s)\n"}
,{"stream_name":"stdout","time":3786.97076077,"data":" 4.25    2.035     39.89   0.00166 0.00906 0.02402 0.04439 0.03945 0.04778 0.08086 0.11535   0.229   0.1301   0.0673    1.93   0.127      315.7   0.0500   (864s)\n"}
,{"stream_name":"stdout","time":3798.449693783,"data":" 4.30    2.053     39.19   0.00270 0.01340 0.03108 0.04466 0.03683 0.04828 0.08070 0.11321   0.235   0.1343   0.0508    2.65   0.122      283.0   0.0499   (876s)\n"}
,{"stream_name":"stdout","time":3809.926648156,"data":" 4.35    2.072     39.46   0.00473 0.01999 0.03908 0.04292 0.03447 0.04914 0.08063 0.11103   0.261   0.1267   0.0471    2.69   0.154      281.4   0.0499   (887s)\n"}
,{"stream_name":"stdout","time":3821.405304665,"data":" 4.40    2.091     38.64   0.00842 0.02927 0.04690 0.03939 0.03277 0.05023 0.08052 0.10872   0.268   0.1276   0.0461    2.77   0.138      228.0   0.0500   (899s)\n"}
,{"stream_name":"stdout","time":3832.885268488,"data":" 4.45    2.110     40.30   0.01469 0.04115 0.05286 0.03483 0.03203 0.05144 0.08019 0.10617   0.331   0.1129   0.0408    2.77   0.145      209.6   0.0500   (910s)\n"}
,{"stream_name":"stdout","time":3844.363596465,"data":" 4.50    2.129     41.92   0.02447 0.05454 0.05517 0.03030 0.03231 0.05266 0.07948 0.10324   0.358   0.1131   0.0421    2.69   0.152      176.7   0.0496   (922s)\n"}
,{"stream_name":"stdout","time":3855.841929482,"data":" 4.55    2.149     46.87   0.03828 0.06720 0.05278 0.02679 0.03347 0.05379 0.07832 0.09991   0.383   0.1162   0.0395    2.94   0.163      147.0   0.0483  \u003c-- past the clock   (933s)\n"}
,{"stream_name":"stdout","time":3867.319373849,"data":" 4.60    2.169     51.60   0.05560 0.07610 0.04639 0.02482 0.03553 0.05495 0.07683 0.09634   0.454   0.1178   0.0356    3.31   0.191       78.3   0.0459  \u003c-- past the clock   (945s)\n"}
,{"stream_name":"stdout","time":3878.794976294,"data":" 4.65    2.189     55.27   0.07423 0.07889 0.03871 0.02433 0.03873 0.05666 0.07544 0.09303   0.540   0.1122   0.0317    3.54   0.174       37.0   0.0425  \u003c-- past the clock   (956s)\n"}
,{"stream_name":"stdout","time":3889.067229103,"data":" 4.70    2.208     57.42   0.09081 0.07573 0.03232 0.02502 0.04310 0.05966 0.07485 0.09081   0.591   0.1026   0.0279    3.67   0.178       39.2   0.0390  \u003c-- past the clock   (967s)\n"}
,{"stream_name":"stdout","time":3899.342641112,"data":" 4.75    2.226     58.37   0.10280 0.06928 0.02785 0.02698 0.04862 0.06420 0.07572 0.09044   0.594   0.0966   0.0297    3.25   0.192       44.2   0.0360  \u003c-- past the clock   (977s)\n"}
,{"stream_name":"stdout","time":3909.619293646,"data":" 4.80    2.241     58.80   0.10932 0.06253 0.02520 0.03053 0.05504 0.06999 0.07817 0.09194   0.648   0.0671   0.0271    2.48   0.182       66.0   0.0340  \u003c-- past the clock   (987s)\n"}
,{"stream_name":"stdout","time":3919.897636662,"data":" 4.85    2.256     59.37   0.11136 0.05687 0.02385 0.03577 0.06214 0.07634 0.08159 0.09444   0.680   0.0488   0.0233    2.09   0.170      129.0   0.0330  \u003c-- past the clock   (997s)\n"}
,{"stream_name":"stdout","time":3928.971138297,"data":" 4.90    2.269     58.77   0.11019 0.05247 0.02330 0.04179 0.07011 0.08299 0.08514 0.09664   0.643   0.0469   0.0234    2.01   0.209      147.7   0.0331  \u003c-- past the clock   (1006s)\n"}
,{"stream_name":"stdout","time":3938.044620989,"data":" 4.95    2.282     58.49   0.10606 0.04942 0.02351 0.04665 0.07836 0.09088 0.08831 0.09772   0.638   0.0504   0.0260    1.94   0.214      161.0   0.0337  \u003c-- past the clock   (1016s)\n"}
,{"stream_name":"stdout","time":3947.11773498,"data":" 5.00    2.294     61.96   0.09952 0.04760 0.02476 0.04975 0.08407 0.10064 0.09092 0.09779   0.672   0.0443   0.0264    1.68   0.213      137.4   0.0346  \u003c-- past the clock   (1025s)\n"}
,{"stream_name":"stdout","time":3956.189975548,"data":" 5.05    2.305     70.44   0.09209 0.04690 0.02711 0.05232 0.08530 0.11149 0.09292 0.09730   0.610   0.0372   0.0294    1.27   0.191       82.8   0.0355  \u003c-- past the clock   (1034s)\n"}
,{"stream_name":"stdout","time":3965.260672414,"data":" 5.10    2.316     72.73   0.08479 0.04840 0.03073 0.05579 0.08432 0.12354 0.09580 0.09691   0.615   0.0362   0.0313    1.15   0.181       67.1   0.0367  \u003c-- past the clock   (1043s)\n"}
,{"stream_name":"stdout","time":3974.331030078,"data":" 5.15    2.325     70.31   0.07780 0.05293 0.03751 0.06154 0.08512 0.13327 0.10128 0.09788   0.724   0.0390   0.0362    1.08   0.187       77.6   0.0382  \u003c-- past the clock   (1052s)\n"}
,{"stream_name":"stdout","time":3983.402266631,"data":" 5.20    2.333     67.52   0.07292 0.05927 0.04779 0.06960 0.08951 0.13591 0.10790 0.09986   0.791   0.0499   0.0460    1.09   0.184      119.8   0.0395  \u003c-- past the clock   (1061s)\n"}
,{"stream_name":"stdout","time":3992.472352104,"data":" 5.25    2.341     64.61   0.07163 0.07211 0.06053 0.07793 0.09559 0.13453 0.11477 0.10197   0.804   0.0563   0.1329    0.42   0.192      155.0   0.0410  \u003c-- past the clock   (1070s)\n"}
,{"stream_name":"stdout","time":4001.541978519,"data":" 5.30    2.348     60.64   0.07110 0.09062 0.07747 0.08488 0.10084 0.13294 0.12209 0.10351   0.821   0.0693   0.0722    0.96   0.183      177.8   0.0429  \u003c-- past the clock   (1079s)\n"}
,{"stream_name":"stdout","time":4010.612009962,"data":" 5.35    2.355     63.11   0.06834 0.10543 0.09634 0.09216 0.10495 0.13049 0.12856 0.10428   0.825   0.0730   0.1045    0.70   0.214      183.2   0.0443  \u003c-- past the clock   (1088s)\n"}
,{"stream_name":"stdout","time":4019.680355013,"data":" 5.40    2.362     63.78   0.06458 0.11347 0.11147 0.10082 0.10856 0.12861 0.13420 0.10451   0.886   0.0700   0.0530    1.32   0.217      160.8   0.0445  \u003c-- past the clock   (1097s)\n"}
,{"stream_name":"stdout","time":4028.749509964,"data":" 5.45    2.367     62.26   0.05906 0.11630 0.12300 0.10890 0.11192 0.12805 0.13705 0.10348   0.860   0.0766   31622.7767     nan   0.292      173.2   0.0441  \u003c-- past the clock   (1106s)\n"}
,{"stream_name":"stdout","time":4039.025360551,"data":" 5.50    2.372     57.86   0.05271 0.11504 0.13188 0.11401 0.11394 0.12883 0.13583 0.10087   0.821   0.0825   0.0750    1.10   0.266      164.2   0.0430  \u003c-- past the clock   (1116s)\n"}
,{"stream_name":"stdout","time":4049.298956271,"data":" 5.55    2.376     54.71   0.04728 0.11217 0.13968 0.11798 0.11466 0.12937 0.13087 0.09890   0.806   0.0768   0.0704    1.09   0.263      134.8   0.0417  \u003c-- past the clock   (1127s)\n"}
,{"stream_name":"stdout","time":4059.573303235,"data":" 5.60    2.380     53.72   0.04359 0.10975 0.14640 0.12383 0.11621 0.12815 0.12425 0.09820   0.779   0.0817   0.0646    1.27   0.239      162.1   0.0405  \u003c-- past the clock   (1137s)\n"}
,{"stream_name":"stdout","time":4069.847333945,"data":" 5.65    2.383     55.69   0.04210 0.10938 0.15277 0.13255 0.11877 0.12537 0.11701 0.09719   0.815   0.0816   31622.7767     nan   0.224      175.0   0.0398  \u003c-- past the clock   (1147s)\n"}
,{"stream_name":"stdout","time":4080.121933871,"data":" 5.70    2.387     57.84   0.04126 0.11042 0.16149 0.14208 0.12035 0.12158 0.10962 0.09387   0.826   0.0810   31622.7767     nan   0.236      186.9   0.0397  \u003c-- past the clock   (1158s)\n"}
,{"stream_name":"stdout","time":4090.394667487,"data":" 5.75    2.392     63.77   0.04052 0.11275 0.17388 0.14717 0.11949 0.11825 0.10271 0.08732   0.911   0.0605   0.1122    0.54   0.178      113.4   0.0399  \u003c-- past the clock   (1168s)\n"}
,{"stream_name":"stdout","time":4100.667505869,"data":" 5.80    2.398     64.89   0.04034 0.11825 0.18358 0.14525 0.11816 0.11723 0.09703 0.07961   0.901   0.0531   0.0493    1.08   0.211       95.6   0.0407  \u003c-- past the clock   (1178s)\n"}
,{"stream_name":"stdout","time":4110.941532567,"data":" 5.85    2.404     64.56   0.04200 0.12480 0.18416 0.13791 0.11896 0.11895 0.09470 0.07374   0.835   0.0654   0.0354    1.85   0.164      109.2   0.0413  \u003c-- past the clock   (1188s)\n"}
,{"stream_name":"stdout","time":4121.216549492,"data":" 5.90    2.410     64.85   0.04423 0.12817 0.17756 0.13086 0.12151 0.12072 0.09649 0.07112   0.820   0.0618   0.0448    1.38   0.224      115.5   0.0417  \u003c-- past the clock   (1199s)\n"}
,{"stream_name":"stdout","time":4131.490434882,"data":" 5.95    2.417     63.99   0.04576 0.12761 0.16888 0.12544 0.12531 0.12021 0.09808 0.07002   0.799   0.0622   0.0556    1.12   0.244      126.0   0.0422  \u003c-- past the clock   (1209s)\n"}
,{"stream_name":"stdout","time":4141.763320461,"data":" 6.00    2.424     62.10   0.04638 0.12414 0.15735 0.12167 0.13013 0.11630 0.09831 0.06803   0.775   0.0612   0.0599    1.02   0.281      119.9   0.0427  \u003c-- past the clock   (1219s)\n"}
,{"stream_name":"stdout","time":4141.764759106,"data":"\n"}
,{"stream_name":"stdout","time":4141.76478812,"data":"C22 descent: separation -\u003e peak twist, peak time (clock expires at t = 4.50)\n"}
,{"stream_name":"stdout","time":4141.764794907,"data":"   sep 0.05   peak 0.02447 at t = 4.50   (at the clock: not a peak)\n"}
,{"stream_name":"stdout","time":4141.764799789,"data":"   sep 0.07   peak 0.05454 at t = 4.50   (at the clock: not a peak)\n"}
,{"stream_name":"stdout","time":4141.764806328,"data":"   sep 0.10   peak 0.05517 at t = 4.50   (at the clock: not a peak)\n"}
,{"stream_name":"stdout","time":4141.764811403,"data":"   sep 0.14   peak 0.04466 at t = 4.30\n"}
,{"stream_name":"stdout","time":4141.764818212,"data":"   sep 0.20   peak 0.04506 at t = 4.05\n"}
,{"stream_name":"stdout","time":4141.764823639,"data":"   sep 0.28   peak 0.05824 at t = 3.75\n"}
,{"stream_name":"stdout","time":4141.764829111,"data":"   sep 0.40   peak 0.12193 at t = 3.25\n"}
,{"stream_name":"stdout","time":4141.764834434,"data":"   sep 0.56   peak 0.33448 at t = 2.15\n"}
,{"stream_name":"stdout","time":4141.76483999,"data":"   halving times (time for the wave to descend one octave), from resolved peaks only:\n"}
,{"stream_name":"stdout","time":4141.764844734,"data":"      0.56 -\u003e 0.40 : 1.10  per octave 2.27\n"}
,{"stream_name":"stdout","time":4141.764849516,"data":"      0.40 -\u003e 0.28 : 0.50  per octave 0.97\n"}
,{"stream_name":"stdout","time":4141.764854201,"data":"      0.28 -\u003e 0.20 : 0.30  per octave 0.62\n"}
,{"stream_name":"stdout","time":4141.764858743,"data":"      0.20 -\u003e 0.14 : 0.25  per octave 0.49\n"}
,{"stream_name":"stdout","time":4141.764865319,"data":"   V: gap = 0.195 (5.12 - t), T* = 5.12; thickness e-fold 14.76; arms meet at t = 4.87, scale 0.048, sqrt(nu/s) there 0.023 (beyond the clock)\n"}
,{"stream_name":"stdout","time":4141.764874091,"data":"\n"}
,{"stream_name":"stdout","time":4141.764877219,"data":"clock expires at t = 4.50 (delta 0.0496); strong twist peak 0.05517 at t = 4.50, at the clock 0.05517 (fall 0%); max|w| growth to the clock 3.44x\n"}
,{"stream_name":"stdout","time":4141.764880652,"data":"race variable ell/ell_nu min inside the clock = 0.58 (at t = 0.25); cut fraction at the clock 0.152\n"}
,{"stream_name":"stdout","time":4141.764883954,"data":"C21: Re_seam at the twist peak (t = 4.50) = 176.7; twist peak 0.05517; max|w| at the peak 41.9\n"}
,{"stream_name":"stdout","time":4141.764887172,"data":"REGISTERED C20 at nu=0.001: KILL: the twist is still rising at the clock with the viscous scale resolved\n"}
,{"stream_name":"stderr","time":4145.485554966,"data":"/usr/local/lib/python3.12/dist-packages/mistune.py:435: SyntaxWarning: invalid escape sequence '\\|'\n"}
,{"stream_name":"stderr","time":4145.485639307,"data":"  cells[i][c] = re.sub('\\\\\\\\\\|', '|', cell)\n"}
,{"stream_name":"stderr","time":4146.005823938,"data":"/usr/local/lib/python3.12/dist-packages/nbconvert/filters/filter_links.py:36: SyntaxWarning: invalid escape sequence '\\_'\n"}
,{"stream_name":"stderr","time":4146.005872422,"data":"  text = re.sub(r'_', '\\_', text) # Escape underscores in display text\n"}
,{"stream_name":"stderr","time":4146.854111309,"data":"[NbConvertApp] Converting notebook __script__.ipynb to html\n"}
,{"stream_name":"stderr","time":4148.671274854,"data":"[NbConvertApp] Writing 377025 bytes to __results__.html\n"}
]